Sun Aug 10 14:39:06 UTC 2025: Detected 10 ping failures, restarting bot...
Sun Aug 10 14:39:07 UTC 2025: Bot restarted
Sun Aug 10 14:48:16 UTC 2025: Detected 10 ping failures, restarting bot...
Sun Aug 10 14:48:17 UTC 2025: Bot restarted
Sun Aug 10 14:59:28 UTC 2025: Detected 10 ping failures, restarting bot...
Sun Aug 10 14:59:29 UTC 2025: Bot restarted
Sun Aug 10 15:07:38 UTC 2025: Detected 10 ping failures, restarting bot...
Sun Aug 10 15:07:39 UTC 2025: Bot restarted
Sun Aug 10 15:16:17 UTC 2025: Detected 10 ping failures, restarting bot...
Sun Aug 10 15:16:19 UTC 2025: Bot restarted
Sun Aug 10 15:23:27 UTC 2025: Detected 10 ping failures, restarting bot...
Sun Aug 10 15:23:30 UTC 2025: Bot restarted
Sun Aug 10 15:31:08 UTC 2025: Detected 10 ping failures, restarting bot...
Sun Aug 10 15:31:09 UTC 2025: Bot restarted
Sun Aug 10 15:43:21 UTC 2025: Detected 10 ping failures, restarting bot...
Sun Aug 10 15:43:22 UTC 2025: Bot restarted
Sun Aug 10 15:54:33 UTC 2025: Detected 10 ping failures, restarting bot...
Sun Aug 10 15:54:36 UTC 2025: Bot restarted
Sun Aug 10 16:06:49 UTC 2025: Detected 10 ping failures, restarting bot...
Sun Aug 10 16:06:50 UTC 2025: Bot restarted
Sun Aug 10 16:14:27 UTC 2025: Detected 10 ping failures, restarting bot...
Sun Aug 10 16:14:28 UTC 2025: Bot restarted
Sun Aug 10 16:22:37 UTC 2025: Detected 10 ping failures, restarting bot...
Sun Aug 10 16:22:38 UTC 2025: Bot restarted
Sun Aug 10 16:29:45 UTC 2025: Detected 10 ping failures, restarting bot...
Sun Aug 10 16:29:45 UTC 2025: Bot restarted
Sun Aug 10 16:38:55 UTC 2025: Detected 10 ping failures, restarting bot...
Sun Aug 10 16:38:55 UTC 2025: Bot restarted
Sun Aug 10 16:47:04 UTC 2025: Detected 10 ping failures, restarting bot...
Sun Aug 10 16:47:05 UTC 2025: Bot restarted
Sun Aug 10 16:53:41 UTC 2025: Detected 10 ping failures, restarting bot...
Sun Aug 10 16:53:44 UTC 2025: Bot restarted
Sun Aug 10 17:00:51 UTC 2025: Detected 10 ping failures, restarting bot...
Sun Aug 10 17:00:52 UTC 2025: Bot restarted
Sun Aug 10 17:08:29 UTC 2025: Detected 10 ping failures, restarting bot...
Sun Aug 10 17:08:30 UTC 2025: Bot restarted
Sun Aug 10 17:16:08 UTC 2025: Detected 10 ping failures, restarting bot...
Sun Aug 10 17:16:09 UTC 2025: Bot restarted
Sun Aug 10 17:23:46 UTC 2025: Detected 10 ping failures, restarting bot...
Sun Aug 10 17:23:47 UTC 2025: Bot restarted
Sun Aug 10 17:31:25 UTC 2025: Detected 10 ping failures, restarting bot...
Sun Aug 10 17:31:26 UTC 2025: Bot restarted
Sun Aug 10 17:38:34 UTC 2025: Detected 10 ping failures, restarting bot...
Sun Aug 10 17:38:36 UTC 2025: Bot restarted
Sun Aug 10 17:45:44 UTC 2025: Detected 10 ping failures, restarting bot...
Sun Aug 10 17:45:45 UTC 2025: Bot restarted
Sun Aug 10 17:52:51 UTC 2025: Detected 10 ping failures, restarting bot...
Sun Aug 10 17:52:52 UTC 2025: Bot restarted
Sun Aug 10 18:00:29 UTC 2025: Detected 10 ping failures, restarting bot...
Sun Aug 10 18:00:31 UTC 2025: Bot restarted
Sun Aug 10 18:08:09 UTC 2025: Detected 10 ping failures, restarting bot...
Sun Aug 10 18:08:10 UTC 2025: Bot restarted
Sun Aug 10 18:15:48 UTC 2025: Detected 10 ping failures, restarting bot...
Sun Aug 10 18:15:49 UTC 2025: Bot restarted
Sun Aug 10 18:23:26 UTC 2025: Detected 10 ping failures, restarting bot...
Sun Aug 10 18:23:26 UTC 2025: Bot restarted
Sun Aug 10 18:31:04 UTC 2025: Detected 10 ping failures, restarting bot...
Sun Aug 10 18:31:06 UTC 2025: Bot restarted
Sun Aug 10 18:43:20 UTC 2025: Detected 10 ping failures, restarting bot...
Sun Aug 10 18:43:21 UTC 2025: Bot restarted
Sun Aug 10 18:53:02 UTC 2025: Detected 10 ping failures, restarting bot...
Sun Aug 10 18:53:05 UTC 2025: Bot restarted
Sun Aug 10 19:02:15 UTC 2025: Detected 10 ping failures, restarting bot...
Sun Aug 10 19:02:18 UTC 2025: Bot restarted
Sun Aug 10 19:08:55 UTC 2025: Detected 10 ping failures, restarting bot...
Sun Aug 10 19:08:56 UTC 2025: Bot restarted
Sun Aug 10 19:16:35 UTC 2025: Detected 10 ping failures, restarting bot...
Sun Aug 10 19:16:36 UTC 2025: Bot restarted
Sun Aug 10 19:23:43 UTC 2025: Detected 10 ping failures, restarting bot...
Sun Aug 10 19:23:44 UTC 2025: Bot restarted
Sun Aug 10 19:32:25 UTC 2025: Detected 10 ping failures, restarting bot...
Sun Aug 10 19:32:26 UTC 2025: Bot restarted
Sun Aug 10 19:41:37 UTC 2025: Detected 10 ping failures, restarting bot...
Sun Aug 10 19:41:39 UTC 2025: Bot restarted
Sun Aug 10 19:49:18 UTC 2025: Detected 10 ping failures, restarting bot...
Sun Aug 10 19:49:19 UTC 2025: Bot restarted
Sun Aug 10 19:57:27 UTC 2025: Detected 10 ping failures, restarting bot...
Sun Aug 10 19:57:28 UTC 2025: Bot restarted
Sun Aug 10 20:05:38 UTC 2025: Detected 10 ping failures, restarting bot...
Sun Aug 10 20:05:39 UTC 2025: Bot restarted
Sun Aug 10 20:13:48 UTC 2025: Detected 10 ping failures, restarting bot...
Sun Aug 10 20:13:49 UTC 2025: Bot restarted
Sun Aug 10 20:20:55 UTC 2025: Detected 10 ping failures, restarting bot...
Sun Aug 10 20:20:57 UTC 2025: Bot restarted
Sun Aug 10 20:29:05 UTC 2025: Detected 10 ping failures, restarting bot...
Sun Aug 10 20:29:06 UTC 2025: Bot restarted
Sun Aug 10 20:38:15 UTC 2025: Detected 10 ping failures, restarting bot...
Sun Aug 10 20:38:16 UTC 2025: Bot restarted
Sun Aug 10 20:45:54 UTC 2025: Detected 10 ping failures, restarting bot...
Sun Aug 10 20:45:55 UTC 2025: Bot restarted
Sun Aug 10 20:54:03 UTC 2025: Detected 10 ping failures, restarting bot...
Sun Aug 10 20:54:04 UTC 2025: Bot restarted
Sun Aug 10 21:05:48 UTC 2025: Detected 10 ping failures, restarting bot...
Sun Aug 10 21:05:49 UTC 2025: Bot restarted
Sun Aug 10 21:14:28 UTC 2025: Detected 10 ping failures, restarting bot...
Sun Aug 10 21:14:29 UTC 2025: Bot restarted
Sun Aug 10 21:23:08 UTC 2025: Detected 10 ping failures, restarting bot...
Sun Aug 10 21:23:09 UTC 2025: Bot restarted
Sun Aug 10 21:31:17 UTC 2025: Detected 10 ping failures, restarting bot...
Sun Aug 10 21:31:18 UTC 2025: Bot restarted
Sun Aug 10 21:39:57 UTC 2025: Detected 10 ping failures, restarting bot...
Sun Aug 10 21:39:58 UTC 2025: Bot restarted
Sun Aug 10 21:49:37 UTC 2025: Detected 10 ping failures, restarting bot...
Sun Aug 10 21:49:38 UTC 2025: Bot restarted
Sun Aug 10 21:59:47 UTC 2025: Detected 10 ping failures, restarting bot...
Sun Aug 10 21:59:50 UTC 2025: Bot restarted
Mon Aug 11 14:48:03 UTC 2025: Detected 10 ping failures, restarting bot...
Mon Aug 11 14:48:04 UTC 2025: Bot restarted
Tue Aug 12 14:43:17 UTC 2025: Detected 10 ping failures, restarting bot...
Tue Aug 12 14:43:19 UTC 2025: Bot restarted
Tue Aug 12 14:49:25 UTC 2025: Detected 10 ping failures, restarting bot...
Tue Aug 12 14:49:26 UTC 2025: Bot restarted
Tue Aug 12 14:56:33 UTC 2025: Detected 10 ping failures, restarting bot...
Tue Aug 12 14:56:34 UTC 2025: Bot restarted
Tue Aug 12 15:03:42 UTC 2025: Detected 10 ping failures, restarting bot...
Tue Aug 12 15:03:42 UTC 2025: Bot restarted
Tue Aug 12 15:11:20 UTC 2025: Detected 10 ping failures, restarting bot...
Tue Aug 12 15:11:22 UTC 2025: Bot restarted
Tue Aug 12 15:18:29 UTC 2025: Detected 10 ping failures, restarting bot...
Tue Aug 12 15:18:30 UTC 2025: Bot restarted
Tue Aug 12 15:25:08 UTC 2025: Detected 10 ping failures, restarting bot...
Tue Aug 12 15:25:09 UTC 2025: Bot restarted
Tue Aug 12 15:32:48 UTC 2025: Detected 10 ping failures, restarting bot...
Tue Aug 12 15:32:50 UTC 2025: Bot restarted
Tue Aug 12 15:40:29 UTC 2025: Detected 10 ping failures, restarting bot...
Tue Aug 12 15:40:31 UTC 2025: Bot restarted
Tue Aug 12 15:48:08 UTC 2025: Detected 10 ping failures, restarting bot...
Tue Aug 12 15:48:09 UTC 2025: Bot restarted
Tue Aug 12 15:59:20 UTC 2025: Detected 10 ping failures, restarting bot...
Tue Aug 12 15:59:22 UTC 2025: Bot restarted
Tue Aug 12 16:06:30 UTC 2025: Detected 10 ping failures, restarting bot...
Tue Aug 12 16:06:31 UTC 2025: Bot restarted
Tue Aug 12 16:13:39 UTC 2025: Detected 10 ping failures, restarting bot...
Tue Aug 12 16:13:40 UTC 2025: Bot restarted
Tue Aug 12 16:20:48 UTC 2025: Detected 10 ping failures, restarting bot...
Tue Aug 12 16:20:49 UTC 2025: Bot restarted
Tue Aug 12 16:28:27 UTC 2025: Detected 10 ping failures, restarting bot...
Tue Aug 12 16:28:28 UTC 2025: Bot restarted
Tue Aug 12 16:40:11 UTC 2025: Detected 10 ping failures, restarting bot...
Tue Aug 12 16:40:12 UTC 2025: Bot restarted
Tue Aug 12 16:48:22 UTC 2025: Detected 10 ping failures, restarting bot...
Tue Aug 12 16:48:23 UTC 2025: Bot restarted
Tue Aug 12 16:56:02 UTC 2025: Detected 10 ping failures, restarting bot...
Tue Aug 12 16:56:03 UTC 2025: Bot restarted
Tue Aug 12 17:03:11 UTC 2025: Detected 10 ping failures, restarting bot...
Tue Aug 12 17:03:12 UTC 2025: Bot restarted
Tue Aug 12 17:11:20 UTC 2025: Detected 10 ping failures, restarting bot...
Tue Aug 12 17:11:21 UTC 2025: Bot restarted
Tue Aug 12 17:19:31 UTC 2025: Detected 10 ping failures, restarting bot...
Tue Aug 12 17:19:33 UTC 2025: Bot restarted
Tue Aug 12 17:28:13 UTC 2025: Detected 10 ping failures, restarting bot...
Tue Aug 12 17:28:14 UTC 2025: Bot restarted
Tue Aug 12 17:38:55 UTC 2025: Detected 10 ping failures, restarting bot...
Tue Aug 12 17:38:56 UTC 2025: Bot restarted
Tue Aug 12 17:46:34 UTC 2025: Detected 10 ping failures, restarting bot...
Tue Aug 12 17:46:35 UTC 2025: Bot restarted
Tue Aug 12 17:54:43 UTC 2025: Detected 10 ping failures, restarting bot...
Tue Aug 12 17:54:43 UTC 2025: Bot restarted
Tue Aug 12 18:02:22 UTC 2025: Detected 10 ping failures, restarting bot...
Tue Aug 12 18:02:23 UTC 2025: Bot restarted
Tue Aug 12 18:13:05 UTC 2025: Detected 10 ping failures, restarting bot...
Tue Aug 12 18:13:06 UTC 2025: Bot restarted
Tue Aug 12 18:24:48 UTC 2025: Detected 10 ping failures, restarting bot...
Tue Aug 12 18:24:49 UTC 2025: Bot restarted
Tue Aug 12 18:32:28 UTC 2025: Detected 10 ping failures, restarting bot...
Tue Aug 12 18:32:29 UTC 2025: Bot restarted
Tue Aug 12 18:43:41 UTC 2025: Detected 10 ping failures, restarting bot...
Tue Aug 12 18:43:42 UTC 2025: Bot restarted
Tue Aug 12 18:51:52 UTC 2025: Detected 10 ping failures, restarting bot...
Tue Aug 12 18:51:53 UTC 2025: Bot restarted
Tue Aug 12 18:59:30 UTC 2025: Detected 10 ping failures, restarting bot...
Tue Aug 12 18:59:31 UTC 2025: Bot restarted
Tue Aug 12 19:06:39 UTC 2025: Detected 10 ping failures, restarting bot...
Tue Aug 12 19:06:39 UTC 2025: Bot restarted
Tue Aug 12 19:15:18 UTC 2025: Detected 10 ping failures, restarting bot...
Tue Aug 12 19:15:19 UTC 2025: Bot restarted
Tue Aug 12 19:26:30 UTC 2025: Detected 10 ping failures, restarting bot...
Tue Aug 12 19:26:31 UTC 2025: Bot restarted
Tue Aug 12 19:33:39 UTC 2025: Detected 10 ping failures, restarting bot...
Tue Aug 12 19:33:42 UTC 2025: Bot restarted
Tue Aug 12 19:44:53 UTC 2025: Detected 10 ping failures, restarting bot...
Tue Aug 12 19:44:54 UTC 2025: Bot restarted
Tue Aug 12 19:52:33 UTC 2025: Detected 10 ping failures, restarting bot...
Tue Aug 12 19:52:34 UTC 2025: Bot restarted
Tue Aug 12 20:05:20 UTC 2025: Detected 10 ping failures, restarting bot...
Tue Aug 12 20:05:21 UTC 2025: Bot restarted
Tue Aug 12 20:16:34 UTC 2025: Detected 10 ping failures, restarting bot...
Tue Aug 12 20:16:37 UTC 2025: Bot restarted
Tue Aug 12 20:23:45 UTC 2025: Detected 10 ping failures, restarting bot...
Tue Aug 12 20:23:47 UTC 2025: Bot restarted
Tue Aug 12 20:34:59 UTC 2025: Detected 10 ping failures, restarting bot...
Tue Aug 12 20:35:00 UTC 2025: Bot restarted
Tue Aug 12 20:43:38 UTC 2025: Detected 10 ping failures, restarting bot...
Tue Aug 12 20:43:39 UTC 2025: Bot restarted
Tue Aug 12 20:52:49 UTC 2025: Detected 10 ping failures, restarting bot...
Tue Aug 12 20:52:50 UTC 2025: Bot restarted
Tue Aug 12 21:02:29 UTC 2025: Detected 10 ping failures, restarting bot...
Tue Aug 12 21:02:30 UTC 2025: Bot restarted
Tue Aug 12 21:10:40 UTC 2025: Detected 10 ping failures, restarting bot...
Tue Aug 12 21:10:41 UTC 2025: Bot restarted
Tue Aug 12 21:30:36 UTC 2025: Detected 10 ping failures, restarting bot...
Tue Aug 12 21:30:37 UTC 2025: Bot restarted
Tue Aug 12 21:34:41 UTC 2025: Detected 10 ping failures, restarting bot...
Tue Aug 12 21:34:42 UTC 2025: Bot restarted
Tue Aug 12 21:45:53 UTC 2025: Detected 10 ping failures, restarting bot...
Tue Aug 12 21:45:54 UTC 2025: Bot restarted
Tue Aug 12 21:55:04 UTC 2025: Detected 10 ping failures, restarting bot...
Tue Aug 12 21:55:05 UTC 2025: Bot restarted
Tue Aug 12 22:03:45 UTC 2025: Detected 10 ping failures, restarting bot...
Tue Aug 12 22:03:46 UTC 2025: Bot restarted
Tue Aug 12 22:12:55 UTC 2025: Detected 10 ping failures, restarting bot...
Tue Aug 12 22:12:56 UTC 2025: Bot restarted
Tue Aug 12 22:21:35 UTC 2025: Detected 10 ping failures, restarting bot...
Tue Aug 12 22:21:36 UTC 2025: Bot restarted
Tue Aug 12 22:29:44 UTC 2025: Detected 10 ping failures, restarting bot...
Tue Aug 12 22:29:45 UTC 2025: Bot restarted
Tue Aug 12 22:38:25 UTC 2025: Detected 10 ping failures, restarting bot...
Tue Aug 12 22:38:26 UTC 2025: Bot restarted
Tue Aug 12 22:46:05 UTC 2025: Detected 10 ping failures, restarting bot...
Tue Aug 12 22:46:05 UTC 2025: Bot restarted
Tue Aug 12 22:53:43 UTC 2025: Detected 10 ping failures, restarting bot...
Tue Aug 12 22:53:44 UTC 2025: Bot restarted
Tue Aug 12 23:01:21 UTC 2025: Detected 10 ping failures, restarting bot...
Tue Aug 12 23:01:22 UTC 2025: Bot restarted
Tue Aug 12 23:13:07 UTC 2025: Detected 10 ping failures, restarting bot...
Tue Aug 12 23:13:08 UTC 2025: Bot restarted
Tue Aug 12 23:21:16 UTC 2025: Detected 10 ping failures, restarting bot...
Tue Aug 12 23:21:17 UTC 2025: Bot restarted
Tue Aug 12 23:32:29 UTC 2025: Detected 10 ping failures, restarting bot...
Tue Aug 12 23:32:30 UTC 2025: Bot restarted
Tue Aug 12 23:40:09 UTC 2025: Detected 10 ping failures, restarting bot...
Tue Aug 12 23:40:10 UTC 2025: Bot restarted
Tue Aug 12 23:49:19 UTC 2025: Detected 10 ping failures, restarting bot...
Tue Aug 12 23:49:20 UTC 2025: Bot restarted
Tue Aug 12 23:57:28 UTC 2025: Detected 10 ping failures, restarting bot...
Tue Aug 12 23:57:29 UTC 2025: Bot restarted
Wed Aug 13 00:09:16 UTC 2025: Detected 10 ping failures, restarting bot...
Wed Aug 13 00:09:19 UTC 2025: Bot restarted
Wed Aug 13 00:18:59 UTC 2025: Detected 10 ping failures, restarting bot...
Wed Aug 13 00:19:02 UTC 2025: Bot restarted
Wed Aug 13 00:26:41 UTC 2025: Detected 10 ping failures, restarting bot...
Wed Aug 13 00:26:42 UTC 2025: Bot restarted
Wed Aug 13 00:34:50 UTC 2025: Detected 10 ping failures, restarting bot...
Wed Aug 13 00:34:51 UTC 2025: Bot restarted
Wed Aug 13 00:45:30 UTC 2025: Detected 10 ping failures, restarting bot...
Wed Aug 13 00:45:31 UTC 2025: Bot restarted
Wed Aug 13 00:53:39 UTC 2025: Detected 10 ping failures, restarting bot...
Wed Aug 13 00:53:40 UTC 2025: Bot restarted
Wed Aug 13 01:01:48 UTC 2025: Detected 10 ping failures, restarting bot...
Wed Aug 13 01:01:49 UTC 2025: Bot restarted
Wed Aug 13 01:13:32 UTC 2025: Detected 10 ping failures, restarting bot...
Wed Aug 13 01:13:33 UTC 2025: Bot restarted
Wed Aug 13 01:22:42 UTC 2025: Detected 10 ping failures, restarting bot...
Wed Aug 13 01:22:43 UTC 2025: Bot restarted
Wed Aug 13 01:30:21 UTC 2025: Detected 10 ping failures, restarting bot...
Wed Aug 13 01:30:22 UTC 2025: Bot restarted
Wed Aug 13 01:41:34 UTC 2025: Detected 10 ping failures, restarting bot...
Wed Aug 13 01:41:36 UTC 2025: Bot restarted
Wed Aug 13 01:49:15 UTC 2025: Detected 10 ping failures, restarting bot...
Wed Aug 13 01:49:16 UTC 2025: Bot restarted
Wed Aug 13 01:55:52 UTC 2025: Detected 10 ping failures, restarting bot...
Wed Aug 13 01:55:53 UTC 2025: Bot restarted
Wed Aug 13 02:04:00 UTC 2025: Detected 10 ping failures, restarting bot...
Wed Aug 13 02:04:01 UTC 2025: Bot restarted
Wed Aug 13 02:13:41 UTC 2025: Detected 10 ping failures, restarting bot...
Wed Aug 13 02:13:42 UTC 2025: Bot restarted
Wed Aug 13 02:20:48 UTC 2025: Detected 10 ping failures, restarting bot...
Wed Aug 13 02:20:51 UTC 2025: Bot restarted
Wed Aug 13 02:28:28 UTC 2025: Detected 10 ping failures, restarting bot...
Wed Aug 13 02:28:29 UTC 2025: Bot restarted
Wed Aug 13 02:35:36 UTC 2025: Detected 10 ping failures, restarting bot...
Wed Aug 13 02:35:37 UTC 2025: Bot restarted
Wed Aug 13 02:43:45 UTC 2025: Detected 10 ping failures, restarting bot...
Wed Aug 13 02:43:45 UTC 2025: Bot restarted
Wed Aug 13 02:52:23 UTC 2025: Detected 10 ping failures, restarting bot...
Wed Aug 13 02:52:24 UTC 2025: Bot restarted
Wed Aug 13 03:04:37 UTC 2025: Detected 10 ping failures, restarting bot...
Wed Aug 13 03:04:38 UTC 2025: Bot restarted
Wed Aug 13 03:14:18 UTC 2025: Detected 10 ping failures, restarting bot...
Wed Aug 13 03:14:20 UTC 2025: Bot restarted
Wed Aug 13 03:26:03 UTC 2025: Detected 10 ping failures, restarting bot...
Wed Aug 13 03:26:04 UTC 2025: Bot restarted
Wed Aug 13 03:33:13 UTC 2025: Detected 10 ping failures, restarting bot...
Wed Aug 13 03:33:14 UTC 2025: Bot restarted
Wed Aug 13 03:43:55 UTC 2025: Detected 10 ping failures, restarting bot...
Wed Aug 13 03:43:55 UTC 2025: Bot restarted
Wed Aug 13 03:52:04 UTC 2025: Detected 10 ping failures, restarting bot...
Wed Aug 13 03:52:05 UTC 2025: Bot restarted
Wed Aug 13 03:59:42 UTC 2025: Detected 10 ping failures, restarting bot...
Wed Aug 13 03:59:43 UTC 2025: Bot restarted
Wed Aug 13 04:06:50 UTC 2025: Detected 10 ping failures, restarting bot...
Wed Aug 13 04:06:51 UTC 2025: Bot restarted
Wed Aug 13 04:14:59 UTC 2025: Detected 10 ping failures, restarting bot...
Wed Aug 13 04:14:59 UTC 2025: Bot restarted
Wed Aug 13 04:24:09 UTC 2025: Detected 10 ping failures, restarting bot...
Wed Aug 13 04:24:10 UTC 2025: Bot restarted
Wed Aug 13 04:32:48 UTC 2025: Detected 10 ping failures, restarting bot...
Wed Aug 13 04:32:49 UTC 2025: Bot restarted
Wed Aug 13 04:41:28 UTC 2025: Detected 10 ping failures, restarting bot...
Wed Aug 13 04:41:29 UTC 2025: Bot restarted
Wed Aug 13 04:52:41 UTC 2025: Detected 10 ping failures, restarting bot...
Wed Aug 13 04:52:42 UTC 2025: Bot restarted
Wed Aug 13 05:00:19 UTC 2025: Detected 10 ping failures, restarting bot...
Wed Aug 13 05:00:20 UTC 2025: Bot restarted
Wed Aug 13 05:08:27 UTC 2025: Detected 10 ping failures, restarting bot...
Wed Aug 13 05:08:28 UTC 2025: Bot restarted
Wed Aug 13 05:17:39 UTC 2025: Detected 10 ping failures, restarting bot...
Wed Aug 13 05:17:40 UTC 2025: Bot restarted
Wed Aug 13 05:28:23 UTC 2025: Detected 10 ping failures, restarting bot...
Wed Aug 13 05:28:25 UTC 2025: Bot restarted
Wed Aug 13 05:37:05 UTC 2025: Detected 10 ping failures, restarting bot...
Wed Aug 13 05:37:06 UTC 2025: Bot restarted
Wed Aug 13 05:44:44 UTC 2025: Detected 10 ping failures, restarting bot...
Wed Aug 13 05:44:45 UTC 2025: Bot restarted
Wed Aug 13 05:52:24 UTC 2025: Detected 10 ping failures, restarting bot...
Wed Aug 13 05:52:25 UTC 2025: Bot restarted
Wed Aug 13 05:59:31 UTC 2025: Detected 10 ping failures, restarting bot...
Wed Aug 13 05:59:33 UTC 2025: Bot restarted
Wed Aug 13 06:07:41 UTC 2025: Detected 10 ping failures, restarting bot...
Wed Aug 13 06:07:43 UTC 2025: Bot restarted
Wed Aug 13 06:18:55 UTC 2025: Detected 10 ping failures, restarting bot...
Wed Aug 13 06:18:57 UTC 2025: Bot restarted
Wed Aug 13 06:30:11 UTC 2025: Detected 10 ping failures, restarting bot...
Wed Aug 13 06:30:12 UTC 2025: Bot restarted
Wed Aug 13 06:38:20 UTC 2025: Detected 10 ping failures, restarting bot...
Wed Aug 13 06:38:21 UTC 2025: Bot restarted
Wed Aug 13 06:45:30 UTC 2025: Detected 10 ping failures, restarting bot...
Wed Aug 13 06:45:32 UTC 2025: Bot restarted
Wed Aug 13 06:56:45 UTC 2025: Detected 10 ping failures, restarting bot...
Wed Aug 13 06:56:45 UTC 2025: Bot restarted
Wed Aug 13 07:06:57 UTC 2025: Detected 10 ping failures, restarting bot...
Wed Aug 13 07:06:58 UTC 2025: Bot restarted
Wed Aug 13 07:15:08 UTC 2025: Detected 10 ping failures, restarting bot...
Wed Aug 13 07:15:10 UTC 2025: Bot restarted
Wed Aug 13 07:23:18 UTC 2025: Detected 10 ping failures, restarting bot...
Wed Aug 13 07:23:19 UTC 2025: Bot restarted
Wed Aug 13 07:30:57 UTC 2025: Detected 10 ping failures, restarting bot...
Wed Aug 13 07:30:57 UTC 2025: Bot restarted
Wed Aug 13 07:42:41 UTC 2025: Detected 10 ping failures, restarting bot...
Wed Aug 13 07:42:42 UTC 2025: Bot restarted
Wed Aug 13 07:49:49 UTC 2025: Detected 10 ping failures, restarting bot...
Wed Aug 13 07:49:49 UTC 2025: Bot restarted
Wed Aug 13 08:02:04 UTC 2025: Detected 10 ping failures, restarting bot...
Wed Aug 13 08:02:05 UTC 2025: Bot restarted
Wed Aug 13 08:09:13 UTC 2025: Detected 10 ping failures, restarting bot...
Wed Aug 13 08:09:16 UTC 2025: Bot restarted
Wed Aug 13 08:16:53 UTC 2025: Detected 10 ping failures, restarting bot...
Wed Aug 13 08:16:53 UTC 2025: Bot restarted
Wed Aug 13 08:24:31 UTC 2025: Detected 10 ping failures, restarting bot...
Wed Aug 13 08:24:32 UTC 2025: Bot restarted
Wed Aug 13 08:36:46 UTC 2025: Detected 10 ping failures, restarting bot...
Wed Aug 13 08:36:49 UTC 2025: Bot restarted
Wed Aug 13 08:43:56 UTC 2025: Detected 10 ping failures, restarting bot...
Wed Aug 13 08:43:57 UTC 2025: Bot restarted
Wed Aug 13 08:51:35 UTC 2025: Detected 10 ping failures, restarting bot...
Wed Aug 13 08:51:36 UTC 2025: Bot restarted
Wed Aug 13 08:59:14 UTC 2025: Detected 10 ping failures, restarting bot...
Wed Aug 13 08:59:16 UTC 2025: Bot restarted
Wed Aug 13 09:07:25 UTC 2025: Detected 10 ping failures, restarting bot...
Wed Aug 13 09:07:26 UTC 2025: Bot restarted
Wed Aug 13 09:15:35 UTC 2025: Detected 10 ping failures, restarting bot...
Wed Aug 13 09:15:36 UTC 2025: Bot restarted
Wed Aug 13 09:22:44 UTC 2025: Detected 10 ping failures, restarting bot...
Wed Aug 13 09:22:45 UTC 2025: Bot restarted
Wed Aug 13 09:30:23 UTC 2025: Detected 10 ping failures, restarting bot...
Wed Aug 13 09:30:24 UTC 2025: Bot restarted
Wed Aug 13 09:38:31 UTC 2025: Detected 10 ping failures, restarting bot...
Wed Aug 13 09:38:32 UTC 2025: Bot restarted
Wed Aug 13 09:49:14 UTC 2025: Detected 10 ping failures, restarting bot...
Wed Aug 13 09:49:15 UTC 2025: Bot restarted
Wed Aug 13 09:56:53 UTC 2025: Detected 10 ping failures, restarting bot...
Wed Aug 13 09:56:56 UTC 2025: Bot restarted
Wed Aug 13 10:09:11 UTC 2025: Detected 10 ping failures, restarting bot...
Wed Aug 13 10:09:12 UTC 2025: Bot restarted
Wed Aug 13 10:16:49 UTC 2025: Detected 10 ping failures, restarting bot...
Wed Aug 13 10:16:50 UTC 2025: Bot restarted
Wed Aug 13 10:28:02 UTC 2025: Detected 10 ping failures, restarting bot...
Wed Aug 13 10:28:03 UTC 2025: Bot restarted
Wed Aug 13 10:36:42 UTC 2025: Detected 10 ping failures, restarting bot...
Wed Aug 13 10:36:43 UTC 2025: Bot restarted
Wed Aug 13 10:43:51 UTC 2025: Detected 10 ping failures, restarting bot...
Wed Aug 13 10:43:51 UTC 2025: Bot restarted
Wed Aug 13 10:50:58 UTC 2025: Detected 10 ping failures, restarting bot...
Wed Aug 13 10:51:00 UTC 2025: Bot restarted
Wed Aug 13 10:58:39 UTC 2025: Detected 10 ping failures, restarting bot...
Wed Aug 13 10:58:40 UTC 2025: Bot restarted
Wed Aug 13 11:07:19 UTC 2025: Detected 10 ping failures, restarting bot...
Wed Aug 13 11:07:20 UTC 2025: Bot restarted
Wed Aug 13 11:15:29 UTC 2025: Detected 10 ping failures, restarting bot...
Wed Aug 13 11:15:29 UTC 2025: Bot restarted
Wed Aug 13 11:28:15 UTC 2025: Detected 10 ping failures, restarting bot...
Wed Aug 13 11:28:16 UTC 2025: Bot restarted
Wed Aug 13 11:35:25 UTC 2025: Detected 10 ping failures, restarting bot...
Wed Aug 13 11:35:25 UTC 2025: Bot restarted
Wed Aug 13 11:43:35 UTC 2025: Detected 10 ping failures, restarting bot...
Wed Aug 13 11:43:36 UTC 2025: Bot restarted
Wed Aug 13 11:55:50 UTC 2025: Detected 10 ping failures, restarting bot...
Wed Aug 13 11:55:53 UTC 2025: Bot restarted
Wed Aug 13 12:04:02 UTC 2025: Detected 10 ping failures, restarting bot...
Wed Aug 13 12:04:03 UTC 2025: Bot restarted
Wed Aug 13 12:16:48 UTC 2025: Detected 10 ping failures, restarting bot...
Wed Aug 13 12:16:49 UTC 2025: Bot restarted
Wed Aug 13 12:23:26 UTC 2025: Detected 10 ping failures, restarting bot...
Wed Aug 13 12:23:27 UTC 2025: Bot restarted
Wed Aug 13 12:30:36 UTC 2025: Detected 10 ping failures, restarting bot...
Wed Aug 13 12:30:37 UTC 2025: Bot restarted
Wed Aug 13 12:38:14 UTC 2025: Detected 10 ping failures, restarting bot...
Wed Aug 13 12:38:16 UTC 2025: Bot restarted
Wed Aug 13 12:45:23 UTC 2025: Detected 10 ping failures, restarting bot...
Wed Aug 13 12:45:24 UTC 2025: Bot restarted
Wed Aug 13 12:52:02 UTC 2025: Detected 10 ping failures, restarting bot...
Wed Aug 13 12:52:03 UTC 2025: Bot restarted
Wed Aug 13 12:59:42 UTC 2025: Detected 10 ping failures, restarting bot...
Wed Aug 13 12:59:43 UTC 2025: Bot restarted
Wed Aug 13 13:07:53 UTC 2025: Detected 10 ping failures, restarting bot...
Wed Aug 13 13:07:54 UTC 2025: Bot restarted
Wed Aug 13 13:15:33 UTC 2025: Detected 10 ping failures, restarting bot...
Wed Aug 13 13:15:35 UTC 2025: Bot restarted
Wed Aug 13 13:23:13 UTC 2025: Detected 10 ping failures, restarting bot...
Wed Aug 13 13:23:14 UTC 2025: Bot restarted
Wed Aug 13 13:30:21 UTC 2025: Detected 10 ping failures, restarting bot...
Wed Aug 13 13:30:22 UTC 2025: Bot restarted
Wed Aug 13 13:37:59 UTC 2025: Detected 10 ping failures, restarting bot...
Wed Aug 13 13:38:00 UTC 2025: Bot restarted
Wed Aug 13 13:45:09 UTC 2025: Detected 10 ping failures, restarting bot...
Wed Aug 13 13:45:11 UTC 2025: Bot restarted
Wed Aug 13 13:55:53 UTC 2025: Detected 10 ping failures, restarting bot...
Wed Aug 13 13:55:54 UTC 2025: Bot restarted
Wed Aug 13 14:08:40 UTC 2025: Detected 10 ping failures, restarting bot...
Wed Aug 13 14:08:41 UTC 2025: Bot restarted
Wed Aug 13 14:15:50 UTC 2025: Detected 10 ping failures, restarting bot...
Wed Aug 13 14:15:52 UTC 2025: Bot restarted
Wed Aug 13 14:23:00 UTC 2025: Detected 10 ping failures, restarting bot...
Wed Aug 13 14:23:01 UTC 2025: Bot restarted
Wed Aug 13 14:34:47 UTC 2025: Detected 10 ping failures, restarting bot...
Wed Aug 13 14:34:48 UTC 2025: Bot restarted
Wed Aug 13 14:42:26 UTC 2025: Detected 10 ping failures, restarting bot...
Wed Aug 13 14:42:27 UTC 2025: Bot restarted
Wed Aug 13 14:49:04 UTC 2025: Detected 10 ping failures, restarting bot...
Wed Aug 13 14:49:05 UTC 2025: Bot restarted
Wed Aug 13 14:56:12 UTC 2025: Detected 10 ping failures, restarting bot...
Wed Aug 13 14:56:13 UTC 2025: Bot restarted
Wed Aug 13 15:07:56 UTC 2025: Detected 10 ping failures, restarting bot...
Wed Aug 13 15:07:57 UTC 2025: Bot restarted
Wed Aug 13 15:19:40 UTC 2025: Detected 10 ping failures, restarting bot...
Wed Aug 13 15:19:42 UTC 2025: Bot restarted
Wed Aug 13 15:26:18 UTC 2025: Detected 10 ping failures, restarting bot...
Wed Aug 13 15:26:19 UTC 2025: Bot restarted
Wed Aug 13 15:34:28 UTC 2025: Detected 10 ping failures, restarting bot...
Wed Aug 13 15:34:29 UTC 2025: Bot restarted
Wed Aug 13 15:42:07 UTC 2025: Detected 10 ping failures, restarting bot...
Wed Aug 13 15:42:08 UTC 2025: Bot restarted
Wed Aug 13 15:53:50 UTC 2025: Detected 10 ping failures, restarting bot...
Wed Aug 13 15:53:51 UTC 2025: Bot restarted
Wed Aug 13 16:03:00 UTC 2025: Detected 10 ping failures, restarting bot...
Wed Aug 13 16:03:00 UTC 2025: Bot restarted
Wed Aug 13 16:10:40 UTC 2025: Detected 10 ping failures, restarting bot...
Wed Aug 13 16:10:41 UTC 2025: Bot restarted
Wed Aug 13 16:17:17 UTC 2025: Detected 10 ping failures, restarting bot...
Wed Aug 13 16:17:18 UTC 2025: Bot restarted
Wed Aug 13 16:25:27 UTC 2025: Detected 10 ping failures, restarting bot...
Wed Aug 13 16:25:28 UTC 2025: Bot restarted
Wed Aug 13 16:36:41 UTC 2025: Detected 10 ping failures, restarting bot...
Wed Aug 13 16:36:42 UTC 2025: Bot restarted
Wed Aug 13 16:43:48 UTC 2025: Detected 10 ping failures, restarting bot...
Wed Aug 13 16:43:49 UTC 2025: Bot restarted
Wed Aug 13 16:55:02 UTC 2025: Detected 10 ping failures, restarting bot...
Wed Aug 13 16:55:04 UTC 2025: Bot restarted
Wed Aug 13 17:03:14 UTC 2025: Detected 10 ping failures, restarting bot...
Wed Aug 13 17:03:16 UTC 2025: Bot restarted
Wed Aug 13 17:10:23 UTC 2025: Detected 10 ping failures, restarting bot...
Wed Aug 13 17:10:24 UTC 2025: Bot restarted
Wed Aug 13 17:17:29 UTC 2025: Detected 10 ping failures, restarting bot...
Wed Aug 13 17:17:30 UTC 2025: Bot restarted
Wed Aug 13 17:24:39 UTC 2025: Detected 10 ping failures, restarting bot...
Wed Aug 13 17:24:40 UTC 2025: Bot restarted
Wed Aug 13 17:36:22 UTC 2025: Detected 10 ping failures, restarting bot...
Wed Aug 13 17:36:25 UTC 2025: Bot restarted
Wed Aug 13 17:43:33 UTC 2025: Detected 10 ping failures, restarting bot...
Wed Aug 13 17:43:35 UTC 2025: Bot restarted
Wed Aug 13 17:51:13 UTC 2025: Detected 10 ping failures, restarting bot...
Wed Aug 13 17:51:14 UTC 2025: Bot restarted
Wed Aug 13 17:59:22 UTC 2025: Detected 10 ping failures, restarting bot...
Wed Aug 13 17:59:23 UTC 2025: Bot restarted
Wed Aug 13 18:11:38 UTC 2025: Detected 10 ping failures, restarting bot...
Wed Aug 13 18:11:39 UTC 2025: Bot restarted
Wed Aug 13 18:20:19 UTC 2025: Detected 10 ping failures, restarting bot...
Wed Aug 13 18:20:19 UTC 2025: Bot restarted
Wed Aug 13 18:26:56 UTC 2025: Detected 10 ping failures, restarting bot...
Wed Aug 13 18:26:57 UTC 2025: Bot restarted
Wed Aug 13 18:35:38 UTC 2025: Detected 10 ping failures, restarting bot...
Wed Aug 13 18:35:38 UTC 2025: Bot restarted
Wed Aug 13 18:44:48 UTC 2025: Detected 10 ping failures, restarting bot...
Wed Aug 13 18:44:48 UTC 2025: Bot restarted
Wed Aug 13 18:52:27 UTC 2025: Detected 10 ping failures, restarting bot...
Wed Aug 13 18:52:28 UTC 2025: Bot restarted
Wed Aug 13 18:59:36 UTC 2025: Detected 10 ping failures, restarting bot...
Wed Aug 13 18:59:37 UTC 2025: Bot restarted
Wed Aug 13 19:10:49 UTC 2025: Detected 10 ping failures, restarting bot...
Wed Aug 13 19:10:50 UTC 2025: Bot restarted
Wed Aug 13 19:22:33 UTC 2025: Detected 10 ping failures, restarting bot...
Wed Aug 13 19:22:34 UTC 2025: Bot restarted
Wed Aug 13 19:33:16 UTC 2025: Detected 10 ping failures, restarting bot...
Wed Aug 13 19:33:19 UTC 2025: Bot restarted
Wed Aug 13 19:41:27 UTC 2025: Detected 10 ping failures, restarting bot...
Wed Aug 13 19:41:30 UTC 2025: Bot restarted
Wed Aug 13 19:48:06 UTC 2025: Detected 5 ping failures, restarting bot...
Wed Aug 13 19:48:07 UTC 2025: Bot restarted
Wed Aug 13 19:55:14 UTC 2025: Detected 10 ping failures, restarting bot...
Wed Aug 13 19:55:15 UTC 2025: Bot restarted
Wed Aug 13 20:03:24 UTC 2025: Detected 10 ping failures, restarting bot...
Wed Aug 13 20:03:24 UTC 2025: Bot restarted
Wed Aug 13 20:14:06 UTC 2025: Detected 10 ping failures, restarting bot...
Wed Aug 13 20:14:08 UTC 2025: Bot restarted
Wed Aug 13 20:23:17 UTC 2025: Detected 10 ping failures, restarting bot...
Wed Aug 13 20:23:18 UTC 2025: Bot restarted
Wed Aug 13 20:31:27 UTC 2025: Detected 10 ping failures, restarting bot...
Wed Aug 13 20:31:28 UTC 2025: Bot restarted
Wed Aug 13 20:39:06 UTC 2025: Detected 10 ping failures, restarting bot...
Wed Aug 13 20:39:07 UTC 2025: Bot restarted
Wed Aug 13 20:46:44 UTC 2025: Detected 10 ping failures, restarting bot...
Wed Aug 13 20:46:45 UTC 2025: Bot restarted
Wed Aug 13 20:53:52 UTC 2025: Detected 10 ping failures, restarting bot...
Wed Aug 13 20:53:53 UTC 2025: Bot restarted
Wed Aug 13 21:04:05 UTC 2025: Detected 10 ping failures, restarting bot...
Wed Aug 13 21:04:06 UTC 2025: Bot restarted
Wed Aug 13 21:15:18 UTC 2025: Detected 10 ping failures, restarting bot...
Wed Aug 13 21:15:19 UTC 2025: Bot restarted
Wed Aug 13 21:24:29 UTC 2025: Detected 10 ping failures, restarting bot...
Wed Aug 13 21:24:31 UTC 2025: Bot restarted
Wed Aug 13 21:32:10 UTC 2025: Detected 10 ping failures, restarting bot...
Wed Aug 13 21:32:11 UTC 2025: Bot restarted
Wed Aug 13 21:34:12 UTC 2025: Detected 10 ping failures, restarting bot...
Wed Aug 13 21:34:13 UTC 2025: Bot restarted
Wed Aug 13 21:44:54 UTC 2025: Detected 10 ping failures, restarting bot...
Wed Aug 13 21:44:55 UTC 2025: Bot restarted
Wed Aug 13 21:53:03 UTC 2025: Detected 10 ping failures, restarting bot...
Wed Aug 13 21:53:04 UTC 2025: Bot restarted
Wed Aug 13 22:00:11 UTC 2025: Detected 10 ping failures, restarting bot...
Wed Aug 13 22:00:12 UTC 2025: Bot restarted
Wed Aug 13 22:11:56 UTC 2025: Detected 10 ping failures, restarting bot...
Wed Aug 13 22:11:57 UTC 2025: Bot restarted
Wed Aug 13 22:21:38 UTC 2025: Detected 10 ping failures, restarting bot...
Wed Aug 13 22:21:40 UTC 2025: Bot restarted
Wed Aug 13 22:30:49 UTC 2025: Detected 10 ping failures, restarting bot...
Wed Aug 13 22:30:51 UTC 2025: Bot restarted
Wed Aug 13 22:40:00 UTC 2025: Detected 10 ping failures, restarting bot...
Wed Aug 13 22:40:01 UTC 2025: Bot restarted
Wed Aug 13 22:48:41 UTC 2025: Detected 10 ping failures, restarting bot...
Wed Aug 13 22:48:41 UTC 2025: Bot restarted
Wed Aug 13 22:56:19 UTC 2025: Detected 10 ping failures, restarting bot...
Wed Aug 13 22:56:19 UTC 2025: Bot restarted
Wed Aug 13 23:03:58 UTC 2025: Detected 10 ping failures, restarting bot...
Wed Aug 13 23:04:01 UTC 2025: Bot restarted
Wed Aug 13 23:14:43 UTC 2025: Detected 10 ping failures, restarting bot...
Wed Aug 13 23:14:44 UTC 2025: Bot restarted
Wed Aug 13 23:22:51 UTC 2025: Detected 10 ping failures, restarting bot...
Wed Aug 13 23:22:52 UTC 2025: Bot restarted
Wed Aug 13 23:29:59 UTC 2025: Detected 10 ping failures, restarting bot...
Wed Aug 13 23:30:00 UTC 2025: Bot restarted
Wed Aug 13 23:41:12 UTC 2025: Detected 10 ping failures, restarting bot...
Wed Aug 13 23:41:13 UTC 2025: Bot restarted
Wed Aug 13 23:49:51 UTC 2025: Detected 10 ping failures, restarting bot...
Wed Aug 13 23:49:51 UTC 2025: Bot restarted
Wed Aug 13 23:56:58 UTC 2025: Detected 10 ping failures, restarting bot...
Wed Aug 13 23:56:59 UTC 2025: Bot restarted
Thu Aug 14 00:06:11 UTC 2025: Detected 10 ping failures, restarting bot...
Thu Aug 14 00:06:12 UTC 2025: Bot restarted
Thu Aug 14 00:13:49 UTC 2025: Detected 10 ping failures, restarting bot...
Thu Aug 14 00:13:50 UTC 2025: Bot restarted
Thu Aug 14 00:20:57 UTC 2025: Detected 10 ping failures, restarting bot...
Thu Aug 14 00:20:59 UTC 2025: Bot restarted
Thu Aug 14 00:28:38 UTC 2025: Detected 10 ping failures, restarting bot...
Thu Aug 14 00:28:39 UTC 2025: Bot restarted
Thu Aug 14 00:36:47 UTC 2025: Detected 10 ping failures, restarting bot...
Thu Aug 14 00:36:48 UTC 2025: Bot restarted
Thu Aug 14 00:47:28 UTC 2025: Detected 10 ping failures, restarting bot...
Thu Aug 14 00:47:29 UTC 2025: Bot restarted
Thu Aug 14 00:55:06 UTC 2025: Detected 10 ping failures, restarting bot...
Thu Aug 14 00:55:07 UTC 2025: Bot restarted
Thu Aug 14 01:04:18 UTC 2025: Detected 10 ping failures, restarting bot...
Thu Aug 14 01:04:19 UTC 2025: Bot restarted
Thu Aug 14 01:13:00 UTC 2025: Detected 10 ping failures, restarting bot...
Thu Aug 14 01:13:02 UTC 2025: Bot restarted
Thu Aug 14 01:20:41 UTC 2025: Detected 10 ping failures, restarting bot...
Thu Aug 14 01:20:44 UTC 2025: Bot restarted
Thu Aug 14 01:28:23 UTC 2025: Detected 10 ping failures, restarting bot...
Thu Aug 14 01:28:23 UTC 2025: Bot restarted
Thu Aug 14 01:37:03 UTC 2025: Detected 10 ping failures, restarting bot...
Thu Aug 14 01:37:04 UTC 2025: Bot restarted
Thu Aug 14 01:44:42 UTC 2025: Detected 10 ping failures, restarting bot...
Thu Aug 14 01:44:43 UTC 2025: Bot restarted
Thu Aug 14 01:53:23 UTC 2025: Detected 10 ping failures, restarting bot...
Thu Aug 14 01:53:24 UTC 2025: Bot restarted
Thu Aug 14 02:02:05 UTC 2025: Detected 10 ping failures, restarting bot...
Thu Aug 14 02:02:06 UTC 2025: Bot restarted
Thu Aug 14 02:10:46 UTC 2025: Detected 10 ping failures, restarting bot...
Thu Aug 14 02:10:47 UTC 2025: Bot restarted
Thu Aug 14 02:22:30 UTC 2025: Detected 10 ping failures, restarting bot...
Thu Aug 14 02:22:31 UTC 2025: Bot restarted
Thu Aug 14 02:30:10 UTC 2025: Detected 10 ping failures, restarting bot...
Thu Aug 14 02:30:11 UTC 2025: Bot restarted
Thu Aug 14 02:38:50 UTC 2025: Detected 10 ping failures, restarting bot...
Thu Aug 14 02:38:51 UTC 2025: Bot restarted
Thu Aug 14 02:50:05 UTC 2025: Detected 10 ping failures, restarting bot...
Thu Aug 14 02:50:06 UTC 2025: Bot restarted
Thu Aug 14 02:58:45 UTC 2025: Detected 10 ping failures, restarting bot...
Thu Aug 14 02:58:45 UTC 2025: Bot restarted
Thu Aug 14 03:11:00 UTC 2025: Detected 10 ping failures, restarting bot...
Thu Aug 14 03:11:03 UTC 2025: Bot restarted
Thu Aug 14 03:24:18 UTC 2025: Detected 10 ping failures, restarting bot...
Thu Aug 14 03:24:19 UTC 2025: Bot restarted
Thu Aug 14 03:32:58 UTC 2025: Detected 10 ping failures, restarting bot...
Thu Aug 14 03:32:59 UTC 2025: Bot restarted
Thu Aug 14 03:41:39 UTC 2025: Detected 10 ping failures, restarting bot...
Thu Aug 14 03:41:40 UTC 2025: Bot restarted
Thu Aug 14 03:51:20 UTC 2025: Detected 10 ping failures, restarting bot...
Thu Aug 14 03:51:20 UTC 2025: Bot restarted
Thu Aug 14 04:02:31 UTC 2025: Detected 10 ping failures, restarting bot...
Thu Aug 14 04:02:32 UTC 2025: Bot restarted
Thu Aug 14 04:13:14 UTC 2025: Detected 10 ping failures, restarting bot...
Thu Aug 14 04:13:15 UTC 2025: Bot restarted
Thu Aug 14 04:20:23 UTC 2025: Detected 10 ping failures, restarting bot...
Thu Aug 14 04:20:23 UTC 2025: Bot restarted
Thu Aug 14 04:32:07 UTC 2025: Detected 10 ping failures, restarting bot...
Thu Aug 14 04:32:08 UTC 2025: Bot restarted
Thu Aug 14 04:40:16 UTC 2025: Detected 10 ping failures, restarting bot...
Thu Aug 14 04:40:17 UTC 2025: Bot restarted
Thu Aug 14 04:50:57 UTC 2025: Detected 10 ping failures, restarting bot...
Thu Aug 14 04:50:58 UTC 2025: Bot restarted
Thu Aug 14 04:59:37 UTC 2025: Detected 10 ping failures, restarting bot...
Thu Aug 14 04:59:38 UTC 2025: Bot restarted
Thu Aug 14 05:07:15 UTC 2025: Detected 10 ping failures, restarting bot...
Thu Aug 14 05:07:16 UTC 2025: Bot restarted
Thu Aug 14 05:17:57 UTC 2025: Detected 10 ping failures, restarting bot...
Thu Aug 14 05:17:58 UTC 2025: Bot restarted
Thu Aug 14 05:29:09 UTC 2025: Detected 10 ping failures, restarting bot...
Thu Aug 14 05:29:12 UTC 2025: Bot restarted
Thu Aug 14 05:36:18 UTC 2025: Detected 10 ping failures, restarting bot...
Thu Aug 14 05:36:19 UTC 2025: Bot restarted
Thu Aug 14 05:48:01 UTC 2025: Detected 10 ping failures, restarting bot...
Thu Aug 14 05:48:01 UTC 2025: Bot restarted
Thu Aug 14 05:56:41 UTC 2025: Detected 10 ping failures, restarting bot...
Thu Aug 14 05:56:42 UTC 2025: Bot restarted
Thu Aug 14 06:04:19 UTC 2025: Detected 10 ping failures, restarting bot...
Thu Aug 14 06:04:20 UTC 2025: Bot restarted
Thu Aug 14 06:12:59 UTC 2025: Detected 10 ping failures, restarting bot...
Thu Aug 14 06:12:59 UTC 2025: Bot restarted
Thu Aug 14 06:21:08 UTC 2025: Detected 10 ping failures, restarting bot...
Thu Aug 14 06:21:11 UTC 2025: Bot restarted
Thu Aug 14 06:29:20 UTC 2025: Detected 10 ping failures, restarting bot...
Thu Aug 14 06:29:21 UTC 2025: Bot restarted
Thu Aug 14 06:38:31 UTC 2025: Detected 10 ping failures, restarting bot...
Thu Aug 14 06:38:32 UTC 2025: Bot restarted
Thu Aug 14 06:46:42 UTC 2025: Detected 10 ping failures, restarting bot...
Thu Aug 14 06:46:42 UTC 2025: Bot restarted
Thu Aug 14 06:57:23 UTC 2025: Detected 10 ping failures, restarting bot...
Thu Aug 14 06:57:24 UTC 2025: Bot restarted
Thu Aug 14 07:05:03 UTC 2025: Detected 10 ping failures, restarting bot...
Thu Aug 14 07:05:05 UTC 2025: Bot restarted
Thu Aug 14 07:16:19 UTC 2025: Detected 10 ping failures, restarting bot...
Thu Aug 14 07:16:20 UTC 2025: Bot restarted
Thu Aug 14 07:24:59 UTC 2025: Detected 10 ping failures, restarting bot...
Thu Aug 14 07:25:00 UTC 2025: Bot restarted
Thu Aug 14 07:32:09 UTC 2025: Detected 10 ping failures, restarting bot...
Thu Aug 14 07:32:10 UTC 2025: Bot restarted
Thu Aug 14 07:40:19 UTC 2025: Detected 10 ping failures, restarting bot...
Thu Aug 14 07:40:20 UTC 2025: Bot restarted
Thu Aug 14 07:47:59 UTC 2025: Detected 10 ping failures, restarting bot...
Thu Aug 14 07:48:01 UTC 2025: Bot restarted
Thu Aug 14 07:55:10 UTC 2025: Detected 10 ping failures, restarting bot...
Thu Aug 14 07:55:11 UTC 2025: Bot restarted
Thu Aug 14 08:04:52 UTC 2025: Detected 10 ping failures, restarting bot...
Thu Aug 14 08:04:52 UTC 2025: Bot restarted
Thu Aug 14 08:12:00 UTC 2025: Detected 10 ping failures, restarting bot...
Thu Aug 14 08:12:00 UTC 2025: Bot restarted
Thu Aug 14 08:20:10 UTC 2025: Detected 10 ping failures, restarting bot...
Thu Aug 14 08:20:11 UTC 2025: Bot restarted
Thu Aug 14 08:27:49 UTC 2025: Detected 10 ping failures, restarting bot...
Thu Aug 14 08:27:50 UTC 2025: Bot restarted
Thu Aug 14 08:40:05 UTC 2025: Detected 10 ping failures, restarting bot...
Thu Aug 14 08:40:06 UTC 2025: Bot restarted
Thu Aug 14 08:48:16 UTC 2025: Detected 10 ping failures, restarting bot...
Thu Aug 14 08:48:16 UTC 2025: Bot restarted
Thu Aug 14 08:59:59 UTC 2025: Detected 10 ping failures, restarting bot...
Thu Aug 14 09:00:00 UTC 2025: Bot restarted
Thu Aug 14 09:07:38 UTC 2025: Detected 10 ping failures, restarting bot...
Thu Aug 14 09:07:40 UTC 2025: Bot restarted
Thu Aug 14 09:15:18 UTC 2025: Detected 10 ping failures, restarting bot...
Thu Aug 14 09:15:19 UTC 2025: Bot restarted
Thu Aug 14 09:22:26 UTC 2025: Detected 10 ping failures, restarting bot...
Thu Aug 14 09:22:27 UTC 2025: Bot restarted
Thu Aug 14 09:30:05 UTC 2025: Detected 10 ping failures, restarting bot...
Thu Aug 14 09:30:07 UTC 2025: Bot restarted
Thu Aug 14 09:38:16 UTC 2025: Detected 10 ping failures, restarting bot...
Thu Aug 14 09:38:17 UTC 2025: Bot restarted
Thu Aug 14 09:48:59 UTC 2025: Detected 10 ping failures, restarting bot...
Thu Aug 14 09:49:01 UTC 2025: Bot restarted
Thu Aug 14 10:00:44 UTC 2025: Detected 10 ping failures, restarting bot...
Thu Aug 14 10:00:45 UTC 2025: Bot restarted
Thu Aug 14 10:08:54 UTC 2025: Detected 10 ping failures, restarting bot...
Thu Aug 14 10:08:55 UTC 2025: Bot restarted
Thu Aug 14 10:16:34 UTC 2025: Detected 10 ping failures, restarting bot...
Thu Aug 14 10:16:37 UTC 2025: Bot restarted
Thu Aug 14 10:24:47 UTC 2025: Detected 10 ping failures, restarting bot...
Thu Aug 14 10:24:48 UTC 2025: Bot restarted
Thu Aug 14 10:33:27 UTC 2025: Detected 10 ping failures, restarting bot...
Thu Aug 14 10:33:28 UTC 2025: Bot restarted
Thu Aug 14 10:40:36 UTC 2025: Detected 10 ping failures, restarting bot...
Thu Aug 14 10:40:37 UTC 2025: Bot restarted
Thu Aug 14 10:47:44 UTC 2025: Detected 10 ping failures, restarting bot...
Thu Aug 14 10:47:45 UTC 2025: Bot restarted
Thu Aug 14 10:54:22 UTC 2025: Detected 10 ping failures, restarting bot...
Thu Aug 14 10:54:23 UTC 2025: Bot restarted
Thu Aug 14 11:02:01 UTC 2025: Detected 10 ping failures, restarting bot...
Thu Aug 14 11:02:02 UTC 2025: Bot restarted
Thu Aug 14 11:09:41 UTC 2025: Detected 10 ping failures, restarting bot...
Thu Aug 14 11:09:44 UTC 2025: Bot restarted
Thu Aug 14 11:17:22 UTC 2025: Detected 10 ping failures, restarting bot...
Thu Aug 14 11:17:23 UTC 2025: Bot restarted
Thu Aug 14 11:31:10 UTC 2025: Detected 10 ping failures, restarting bot...
Thu Aug 14 11:31:11 UTC 2025: Bot restarted
Thu Aug 14 11:37:48 UTC 2025: Detected 10 ping failures, restarting bot...
Thu Aug 14 11:37:49 UTC 2025: Bot restarted
Thu Aug 14 11:44:26 UTC 2025: Detected 10 ping failures, restarting bot...
Thu Aug 14 11:44:27 UTC 2025: Bot restarted
Thu Aug 14 11:53:06 UTC 2025: Detected 10 ping failures, restarting bot...
Thu Aug 14 11:53:07 UTC 2025: Bot restarted
Thu Aug 14 12:01:46 UTC 2025: Detected 10 ping failures, restarting bot...
Thu Aug 14 12:01:47 UTC 2025: Bot restarted
Thu Aug 14 12:09:26 UTC 2025: Detected 10 ping failures, restarting bot...
Thu Aug 14 12:09:27 UTC 2025: Bot restarted
Thu Aug 14 12:17:05 UTC 2025: Detected 10 ping failures, restarting bot...
Thu Aug 14 12:17:07 UTC 2025: Bot restarted
Thu Aug 14 12:29:21 UTC 2025: Detected 10 ping failures, restarting bot...
Thu Aug 14 12:29:22 UTC 2025: Bot restarted
Thu Aug 14 12:37:31 UTC 2025: Detected 10 ping failures, restarting bot...
Thu Aug 14 12:37:31 UTC 2025: Bot restarted
Thu Aug 14 12:45:42 UTC 2025: Detected 10 ping failures, restarting bot...
Thu Aug 14 12:45:43 UTC 2025: Bot restarted
Thu Aug 14 12:52:49 UTC 2025: Detected 10 ping failures, restarting bot...
Thu Aug 14 12:52:50 UTC 2025: Bot restarted
Thu Aug 14 12:59:27 UTC 2025: Detected 10 ping failures, restarting bot...
Thu Aug 14 12:59:28 UTC 2025: Bot restarted
Thu Aug 14 13:07:08 UTC 2025: Detected 10 ping failures, restarting bot...
Thu Aug 14 13:07:09 UTC 2025: Bot restarted
Thu Aug 14 13:14:17 UTC 2025: Detected 10 ping failures, restarting bot...
Thu Aug 14 13:14:18 UTC 2025: Bot restarted
Thu Aug 14 13:27:02 UTC 2025: Detected 10 ping failures, restarting bot...
Thu Aug 14 13:27:03 UTC 2025: Bot restarted
Thu Aug 14 13:33:40 UTC 2025: Detected 10 ping failures, restarting bot...
Thu Aug 14 13:33:41 UTC 2025: Bot restarted
Thu Aug 14 13:40:17 UTC 2025: Detected 10 ping failures, restarting bot...
Thu Aug 14 13:40:18 UTC 2025: Bot restarted
Thu Aug 14 13:47:26 UTC 2025: Detected 10 ping failures, restarting bot...
Thu Aug 14 13:47:27 UTC 2025: Bot restarted
Thu Aug 14 13:54:04 UTC 2025: Detected 10 ping failures, restarting bot...
Thu Aug 14 13:54:05 UTC 2025: Bot restarted
Thu Aug 14 14:05:49 UTC 2025: Detected 10 ping failures, restarting bot...
Thu Aug 14 14:05:49 UTC 2025: Bot restarted
Thu Aug 14 14:13:59 UTC 2025: Detected 10 ping failures, restarting bot...
Thu Aug 14 14:14:00 UTC 2025: Bot restarted
Thu Aug 14 14:20:38 UTC 2025: Detected 10 ping failures, restarting bot...
Thu Aug 14 14:20:38 UTC 2025: Bot restarted
Thu Aug 14 14:28:47 UTC 2025: Detected 10 ping failures, restarting bot...
Thu Aug 14 14:28:48 UTC 2025: Bot restarted
Thu Aug 14 14:36:57 UTC 2025: Detected 10 ping failures, restarting bot...
Thu Aug 14 14:36:57 UTC 2025: Bot restarted
Thu Aug 14 14:47:39 UTC 2025: Detected 10 ping failures, restarting bot...
Thu Aug 14 14:47:40 UTC 2025: Bot restarted
Thu Aug 14 14:54:47 UTC 2025: Detected 10 ping failures, restarting bot...
Thu Aug 14 14:54:48 UTC 2025: Bot restarted
Thu Aug 14 15:02:26 UTC 2025: Detected 10 ping failures, restarting bot...
Thu Aug 14 15:02:27 UTC 2025: Bot restarted
Thu Aug 14 15:09:03 UTC 2025: Detected 10 ping failures, restarting bot...
Thu Aug 14 15:09:05 UTC 2025: Bot restarted
Thu Aug 14 15:19:47 UTC 2025: Detected 10 ping failures, restarting bot...
Thu Aug 14 15:19:50 UTC 2025: Bot restarted
Thu Aug 14 15:27:28 UTC 2025: Detected 10 ping failures, restarting bot...
Thu Aug 14 15:27:28 UTC 2025: Bot restarted
Thu Aug 14 15:35:08 UTC 2025: Detected 10 ping failures, restarting bot...
Thu Aug 14 15:35:09 UTC 2025: Bot restarted
Thu Aug 14 15:42:47 UTC 2025: Detected 10 ping failures, restarting bot...
Thu Aug 14 15:42:48 UTC 2025: Bot restarted
Thu Aug 14 15:49:55 UTC 2025: Detected 10 ping failures, restarting bot...
Thu Aug 14 15:49:56 UTC 2025: Bot restarted
Thu Aug 14 15:57:34 UTC 2025: Detected 10 ping failures, restarting bot...
Thu Aug 14 15:57:34 UTC 2025: Bot restarted
Thu Aug 14 16:09:50 UTC 2025: Detected 10 ping failures, restarting bot...
Thu Aug 14 16:09:50 UTC 2025: Bot restarted
Thu Aug 14 16:16:27 UTC 2025: Detected 10 ping failures, restarting bot...
Thu Aug 14 16:16:27 UTC 2025: Bot restarted
Thu Aug 14 16:24:06 UTC 2025: Detected 10 ping failures, restarting bot...
Thu Aug 14 16:24:06 UTC 2025: Bot restarted
Thu Aug 14 16:31:14 UTC 2025: Detected 10 ping failures, restarting bot...
Thu Aug 14 16:31:15 UTC 2025: Bot restarted
Thu Aug 14 16:38:52 UTC 2025: Detected 10 ping failures, restarting bot...
Thu Aug 14 16:38:54 UTC 2025: Bot restarted
Thu Aug 14 16:46:30 UTC 2025: Detected 10 ping failures, restarting bot...
Thu Aug 14 16:46:31 UTC 2025: Bot restarted
Thu Aug 14 16:58:45 UTC 2025: Detected 10 ping failures, restarting bot...
Thu Aug 14 16:58:45 UTC 2025: Bot restarted
Thu Aug 14 17:05:23 UTC 2025: Detected 10 ping failures, restarting bot...
Thu Aug 14 17:05:23 UTC 2025: Bot restarted
Thu Aug 14 17:13:00 UTC 2025: Detected 10 ping failures, restarting bot...
Thu Aug 14 17:13:02 UTC 2025: Bot restarted
Thu Aug 14 17:24:45 UTC 2025: Detected 10 ping failures, restarting bot...
Thu Aug 14 17:24:45 UTC 2025: Bot restarted
Thu Aug 14 17:35:58 UTC 2025: Detected 10 ping failures, restarting bot...
Thu Aug 14 17:35:59 UTC 2025: Bot restarted
Thu Aug 14 17:43:39 UTC 2025: Detected 10 ping failures, restarting bot...
Thu Aug 14 17:43:39 UTC 2025: Bot restarted
Thu Aug 14 17:54:52 UTC 2025: Detected 10 ping failures, restarting bot...
Thu Aug 14 17:54:52 UTC 2025: Bot restarted
Thu Aug 14 18:02:00 UTC 2025: Detected 10 ping failures, restarting bot...
Thu Aug 14 18:02:03 UTC 2025: Bot restarted
Thu Aug 14 18:09:10 UTC 2025: Detected 10 ping failures, restarting bot...
Thu Aug 14 18:09:11 UTC 2025: Bot restarted
Thu Aug 14 18:20:22 UTC 2025: Detected 10 ping failures, restarting bot...
Thu Aug 14 18:20:23 UTC 2025: Bot restarted
Thu Aug 14 18:28:00 UTC 2025: Detected 10 ping failures, restarting bot...
Thu Aug 14 18:28:01 UTC 2025: Bot restarted
Thu Aug 14 18:35:40 UTC 2025: Detected 10 ping failures, restarting bot...
Thu Aug 14 18:35:40 UTC 2025: Bot restarted
Thu Aug 14 18:43:48 UTC 2025: Detected 10 ping failures, restarting bot...
Thu Aug 14 18:43:49 UTC 2025: Bot restarted
Thu Aug 14 18:50:25 UTC 2025: Detected 10 ping failures, restarting bot...
Thu Aug 14 18:50:26 UTC 2025: Bot restarted
Thu Aug 14 18:59:36 UTC 2025: Detected 10 ping failures, restarting bot...
Thu Aug 14 18:59:37 UTC 2025: Bot restarted
Thu Aug 14 19:08:17 UTC 2025: Detected 10 ping failures, restarting bot...
Thu Aug 14 19:08:18 UTC 2025: Bot restarted
Thu Aug 14 19:19:30 UTC 2025: Detected 10 ping failures, restarting bot...
Thu Aug 14 19:19:31 UTC 2025: Bot restarted
Thu Aug 14 19:30:15 UTC 2025: Detected 10 ping failures, restarting bot...
Thu Aug 14 19:30:16 UTC 2025: Bot restarted
Thu Aug 14 19:37:53 UTC 2025: Detected 10 ping failures, restarting bot...
Thu Aug 14 19:37:54 UTC 2025: Bot restarted
Thu Aug 14 19:50:09 UTC 2025: Detected 10 ping failures, restarting bot...
Thu Aug 14 19:50:10 UTC 2025: Bot restarted
Thu Aug 14 19:57:18 UTC 2025: Detected 10 ping failures, restarting bot...
Thu Aug 14 19:57:18 UTC 2025: Bot restarted
Thu Aug 14 20:10:05 UTC 2025: Detected 10 ping failures, restarting bot...
Thu Aug 14 20:10:06 UTC 2025: Bot restarted
Thu Aug 14 20:17:45 UTC 2025: Detected 10 ping failures, restarting bot...
Thu Aug 14 20:17:47 UTC 2025: Bot restarted
Thu Aug 14 20:24:26 UTC 2025: Detected 10 ping failures, restarting bot...
Thu Aug 14 20:24:27 UTC 2025: Bot restarted
Thu Aug 14 20:32:36 UTC 2025: Detected 10 ping failures, restarting bot...
Thu Aug 14 20:32:37 UTC 2025: Bot restarted
Thu Aug 14 20:43:50 UTC 2025: Detected 10 ping failures, restarting bot...
Thu Aug 14 20:43:52 UTC 2025: Bot restarted
Thu Aug 14 20:51:00 UTC 2025: Detected 10 ping failures, restarting bot...
Thu Aug 14 20:51:01 UTC 2025: Bot restarted
Thu Aug 14 21:03:15 UTC 2025: Detected 10 ping failures, restarting bot...
Thu Aug 14 21:03:16 UTC 2025: Bot restarted
Thu Aug 14 21:12:25 UTC 2025: Detected 10 ping failures, restarting bot...
Thu Aug 14 21:12:26 UTC 2025: Bot restarted
Thu Aug 14 21:21:06 UTC 2025: Detected 10 ping failures, restarting bot...
Thu Aug 14 21:21:07 UTC 2025: Bot restarted
Thu Aug 14 21:28:46 UTC 2025: Detected 10 ping failures, restarting bot...
Thu Aug 14 21:28:46 UTC 2025: Bot restarted
Thu Aug 14 21:39:27 UTC 2025: Detected 10 ping failures, restarting bot...
Thu Aug 14 21:39:28 UTC 2025: Bot restarted
Thu Aug 14 21:49:40 UTC 2025: Detected 10 ping failures, restarting bot...
Thu Aug 14 21:49:42 UTC 2025: Bot restarted
Thu Aug 14 21:57:50 UTC 2025: Detected 10 ping failures, restarting bot...
Thu Aug 14 21:57:50 UTC 2025: Bot restarted
Thu Aug 14 22:04:57 UTC 2025: Detected 10 ping failures, restarting bot...
Thu Aug 14 22:04:58 UTC 2025: Bot restarted
Thu Aug 14 22:15:41 UTC 2025: Detected 10 ping failures, restarting bot...
Thu Aug 14 22:15:42 UTC 2025: Bot restarted
Thu Aug 14 22:23:51 UTC 2025: Detected 10 ping failures, restarting bot...
Thu Aug 14 22:23:52 UTC 2025: Bot restarted
Thu Aug 14 22:31:59 UTC 2025: Detected 10 ping failures, restarting bot...
Thu Aug 14 22:32:00 UTC 2025: Bot restarted
Thu Aug 14 22:40:39 UTC 2025: Detected 10 ping failures, restarting bot...
Thu Aug 14 22:40:40 UTC 2025: Bot restarted
Thu Aug 14 22:48:18 UTC 2025: Detected 10 ping failures, restarting bot...
Thu Aug 14 22:48:19 UTC 2025: Bot restarted
Thu Aug 14 22:52:52 UTC 2025: Detected 10 ping failures, restarting bot...
Thu Aug 14 22:52:53 UTC 2025: Bot restarted
Thu Aug 14 23:00:00 UTC 2025: Detected 10 ping failures, restarting bot...
Thu Aug 14 23:00:01 UTC 2025: Bot restarted
Thu Aug 14 23:08:09 UTC 2025: Detected 10 ping failures, restarting bot...
Thu Aug 14 23:08:10 UTC 2025: Bot restarted
Thu Aug 14 23:21:25 UTC 2025: Detected 10 ping failures, restarting bot...
Thu Aug 14 23:21:26 UTC 2025: Bot restarted
Thu Aug 14 23:30:06 UTC 2025: Detected 10 ping failures, restarting bot...
Thu Aug 14 23:30:07 UTC 2025: Bot restarted
Thu Aug 14 23:38:16 UTC 2025: Detected 10 ping failures, restarting bot...
Thu Aug 14 23:38:17 UTC 2025: Bot restarted
Thu Aug 14 23:45:54 UTC 2025: Detected 10 ping failures, restarting bot...
Thu Aug 14 23:45:56 UTC 2025: Bot restarted
Thu Aug 14 23:54:36 UTC 2025: Detected 10 ping failures, restarting bot...
Thu Aug 14 23:54:37 UTC 2025: Bot restarted
Fri Aug 15 00:05:20 UTC 2025: Detected 10 ping failures, restarting bot...
Fri Aug 15 00:05:20 UTC 2025: Bot restarted
Fri Aug 15 00:13:29 UTC 2025: Detected 10 ping failures, restarting bot...
Fri Aug 15 00:13:30 UTC 2025: Bot restarted
Fri Aug 15 00:21:08 UTC 2025: Detected 10 ping failures, restarting bot...
Fri Aug 15 00:21:10 UTC 2025: Bot restarted
Fri Aug 15 00:28:17 UTC 2025: Detected 10 ping failures, restarting bot...
Fri Aug 15 00:28:17 UTC 2025: Bot restarted
Fri Aug 15 00:35:25 UTC 2025: Detected 10 ping failures, restarting bot...
Fri Aug 15 00:35:27 UTC 2025: Bot restarted
Fri Aug 15 00:43:35 UTC 2025: Detected 10 ping failures, restarting bot...
Fri Aug 15 00:43:36 UTC 2025: Bot restarted
Fri Aug 15 00:52:14 UTC 2025: Detected 10 ping failures, restarting bot...
Fri Aug 15 00:52:15 UTC 2025: Bot restarted
Fri Aug 15 01:00:53 UTC 2025: Detected 10 ping failures, restarting bot...
Fri Aug 15 01:00:54 UTC 2025: Bot restarted
Fri Aug 15 01:09:03 UTC 2025: Detected 10 ping failures, restarting bot...
Fri Aug 15 01:09:05 UTC 2025: Bot restarted
Fri Aug 15 01:16:12 UTC 2025: Detected 10 ping failures, restarting bot...
Fri Aug 15 01:16:13 UTC 2025: Bot restarted
Fri Aug 15 01:26:54 UTC 2025: Detected 10 ping failures, restarting bot...
Fri Aug 15 01:26:56 UTC 2025: Bot restarted
Fri Aug 15 01:35:36 UTC 2025: Detected 10 ping failures, restarting bot...
Fri Aug 15 01:35:37 UTC 2025: Bot restarted
Fri Aug 15 01:43:15 UTC 2025: Detected 10 ping failures, restarting bot...
Fri Aug 15 01:43:15 UTC 2025: Bot restarted
Fri Aug 15 01:51:53 UTC 2025: Detected 10 ping failures, restarting bot...
Fri Aug 15 01:51:54 UTC 2025: Bot restarted
Fri Aug 15 02:00:01 UTC 2025: Detected 10 ping failures, restarting bot...
Fri Aug 15 02:00:03 UTC 2025: Bot restarted
Fri Aug 15 02:08:12 UTC 2025: Detected 10 ping failures, restarting bot...
Fri Aug 15 02:08:12 UTC 2025: Bot restarted
Fri Aug 15 02:15:49 UTC 2025: Detected 10 ping failures, restarting bot...
Fri Aug 15 02:15:49 UTC 2025: Bot restarted
Fri Aug 15 02:23:57 UTC 2025: Detected 10 ping failures, restarting bot...
Fri Aug 15 02:23:58 UTC 2025: Bot restarted
Fri Aug 15 02:31:04 UTC 2025: Detected 10 ping failures, restarting bot...
Fri Aug 15 02:31:05 UTC 2025: Bot restarted
Fri Aug 15 02:40:45 UTC 2025: Detected 10 ping failures, restarting bot...
Fri Aug 15 02:40:47 UTC 2025: Bot restarted
Fri Aug 15 02:49:25 UTC 2025: Detected 10 ping failures, restarting bot...
Fri Aug 15 02:49:26 UTC 2025: Bot restarted
Fri Aug 15 02:57:35 UTC 2025: Detected 10 ping failures, restarting bot...
Fri Aug 15 02:57:36 UTC 2025: Bot restarted
Fri Aug 15 03:06:46 UTC 2025: Detected 10 ping failures, restarting bot...
Fri Aug 15 03:06:48 UTC 2025: Bot restarted
Fri Aug 15 03:13:24 UTC 2025: Detected 10 ping failures, restarting bot...
Fri Aug 15 03:13:25 UTC 2025: Bot restarted
Fri Aug 15 03:21:35 UTC 2025: Detected 10 ping failures, restarting bot...
Fri Aug 15 03:21:36 UTC 2025: Bot restarted
Fri Aug 15 03:31:16 UTC 2025: Detected 10 ping failures, restarting bot...
Fri Aug 15 03:31:16 UTC 2025: Bot restarted
Fri Aug 15 03:39:24 UTC 2025: Detected 10 ping failures, restarting bot...
Fri Aug 15 03:39:25 UTC 2025: Bot restarted
Fri Aug 15 03:46:01 UTC 2025: Detected 10 ping failures, restarting bot...
Fri Aug 15 03:46:03 UTC 2025: Bot restarted
Fri Aug 15 03:54:11 UTC 2025: Detected 10 ping failures, restarting bot...
Fri Aug 15 03:54:11 UTC 2025: Bot restarted
Fri Aug 15 04:03:50 UTC 2025: Detected 10 ping failures, restarting bot...
Fri Aug 15 04:03:51 UTC 2025: Bot restarted
Fri Aug 15 04:11:28 UTC 2025: Detected 10 ping failures, restarting bot...
Fri Aug 15 04:11:29 UTC 2025: Bot restarted
Fri Aug 15 04:20:08 UTC 2025: Detected 10 ping failures, restarting bot...
Fri Aug 15 04:20:09 UTC 2025: Bot restarted
Fri Aug 15 04:31:19 UTC 2025: Detected 10 ping failures, restarting bot...
Fri Aug 15 04:31:21 UTC 2025: Bot restarted
Fri Aug 15 04:38:58 UTC 2025: Detected 10 ping failures, restarting bot...
Fri Aug 15 04:39:01 UTC 2025: Bot restarted
Fri Aug 15 04:47:09 UTC 2025: Detected 10 ping failures, restarting bot...
Fri Aug 15 04:47:10 UTC 2025: Bot restarted
Fri Aug 15 04:55:18 UTC 2025: Detected 10 ping failures, restarting bot...
Fri Aug 15 04:55:19 UTC 2025: Bot restarted
Fri Aug 15 05:03:28 UTC 2025: Detected 10 ping failures, restarting bot...
Fri Aug 15 05:03:29 UTC 2025: Bot restarted
Fri Aug 15 05:12:39 UTC 2025: Detected 10 ping failures, restarting bot...
Fri Aug 15 05:12:40 UTC 2025: Bot restarted
Fri Aug 15 05:23:51 UTC 2025: Detected 10 ping failures, restarting bot...
Fri Aug 15 05:23:52 UTC 2025: Bot restarted
Fri Aug 15 05:32:30 UTC 2025: Detected 10 ping failures, restarting bot...
Fri Aug 15 05:32:31 UTC 2025: Bot restarted
Fri Aug 15 05:43:45 UTC 2025: Detected 10 ping failures, restarting bot...
Fri Aug 15 05:43:47 UTC 2025: Bot restarted
Fri Aug 15 05:52:56 UTC 2025: Detected 10 ping failures, restarting bot...
Fri Aug 15 05:52:57 UTC 2025: Bot restarted
Fri Aug 15 05:59:33 UTC 2025: Detected 10 ping failures, restarting bot...
Fri Aug 15 05:59:34 UTC 2025: Bot restarted
Fri Aug 15 06:08:14 UTC 2025: Detected 10 ping failures, restarting bot...
Fri Aug 15 06:08:15 UTC 2025: Bot restarted
Fri Aug 15 06:16:54 UTC 2025: Detected 10 ping failures, restarting bot...
Fri Aug 15 06:16:55 UTC 2025: Bot restarted
Fri Aug 15 06:25:05 UTC 2025: Detected 10 ping failures, restarting bot...
Fri Aug 15 06:25:06 UTC 2025: Bot restarted
Fri Aug 15 06:36:50 UTC 2025: Detected 10 ping failures, restarting bot...
Fri Aug 15 06:36:51 UTC 2025: Bot restarted
Fri Aug 15 06:46:00 UTC 2025: Detected 10 ping failures, restarting bot...
Fri Aug 15 06:46:01 UTC 2025: Bot restarted
Fri Aug 15 06:58:46 UTC 2025: Detected 10 ping failures, restarting bot...
Fri Aug 15 06:58:47 UTC 2025: Bot restarted
Fri Aug 15 07:07:56 UTC 2025: Detected 10 ping failures, restarting bot...
Fri Aug 15 07:07:56 UTC 2025: Bot restarted
Fri Aug 15 07:17:07 UTC 2025: Detected 10 ping failures, restarting bot...
Fri Aug 15 07:17:08 UTC 2025: Bot restarted
Fri Aug 15 07:24:46 UTC 2025: Detected 10 ping failures, restarting bot...
Fri Aug 15 07:24:47 UTC 2025: Bot restarted
Fri Aug 15 07:32:25 UTC 2025: Detected 10 ping failures, restarting bot...
Fri Aug 15 07:32:25 UTC 2025: Bot restarted
Fri Aug 15 07:44:09 UTC 2025: Detected 10 ping failures, restarting bot...
Fri Aug 15 07:44:10 UTC 2025: Bot restarted
Fri Aug 15 07:55:53 UTC 2025: Detected 10 ping failures, restarting bot...
Fri Aug 15 07:55:53 UTC 2025: Bot restarted
Fri Aug 15 08:08:09 UTC 2025: Detected 10 ping failures, restarting bot...
Fri Aug 15 08:08:10 UTC 2025: Bot restarted
Fri Aug 15 08:15:17 UTC 2025: Detected 10 ping failures, restarting bot...
Fri Aug 15 08:15:18 UTC 2025: Bot restarted
Fri Aug 15 08:26:29 UTC 2025: Detected 10 ping failures, restarting bot...
Fri Aug 15 08:26:32 UTC 2025: Bot restarted
Fri Aug 15 08:34:41 UTC 2025: Detected 10 ping failures, restarting bot...
Fri Aug 15 08:34:42 UTC 2025: Bot restarted
Fri Aug 15 08:42:20 UTC 2025: Detected 10 ping failures, restarting bot...
Fri Aug 15 08:42:21 UTC 2025: Bot restarted
Fri Aug 15 08:49:58 UTC 2025: Detected 10 ping failures, restarting bot...
Fri Aug 15 08:49:59 UTC 2025: Bot restarted
Fri Aug 15 08:59:08 UTC 2025: Detected 10 ping failures, restarting bot...
Fri Aug 15 08:59:09 UTC 2025: Bot restarted
Fri Aug 15 09:06:48 UTC 2025: Detected 10 ping failures, restarting bot...
Fri Aug 15 09:06:49 UTC 2025: Bot restarted
Fri Aug 15 09:13:25 UTC 2025: Detected 10 ping failures, restarting bot...
Fri Aug 15 09:13:26 UTC 2025: Bot restarted
Fri Aug 15 09:21:36 UTC 2025: Detected 10 ping failures, restarting bot...
Fri Aug 15 09:21:37 UTC 2025: Bot restarted
Fri Aug 15 09:33:19 UTC 2025: Detected 10 ping failures, restarting bot...
Fri Aug 15 09:33:19 UTC 2025: Bot restarted
Fri Aug 15 09:40:27 UTC 2025: Detected 10 ping failures, restarting bot...
Fri Aug 15 09:40:28 UTC 2025: Bot restarted
Fri Aug 15 09:47:35 UTC 2025: Detected 10 ping failures, restarting bot...
Fri Aug 15 09:47:36 UTC 2025: Bot restarted
Fri Aug 15 09:55:14 UTC 2025: Detected 10 ping failures, restarting bot...
Fri Aug 15 09:55:15 UTC 2025: Bot restarted
Fri Aug 15 10:03:23 UTC 2025: Detected 10 ping failures, restarting bot...
Fri Aug 15 10:03:25 UTC 2025: Bot restarted
Fri Aug 15 10:11:05 UTC 2025: Detected 10 ping failures, restarting bot...
Fri Aug 15 10:11:05 UTC 2025: Bot restarted
Fri Aug 15 10:18:44 UTC 2025: Detected 10 ping failures, restarting bot...
Fri Aug 15 10:18:46 UTC 2025: Bot restarted
Fri Aug 15 10:25:55 UTC 2025: Detected 10 ping failures, restarting bot...
Fri Aug 15 10:25:57 UTC 2025: Bot restarted
Fri Aug 15 10:33:35 UTC 2025: Detected 10 ping failures, restarting bot...
Fri Aug 15 10:33:37 UTC 2025: Bot restarted
Fri Aug 15 10:41:14 UTC 2025: Detected 10 ping failures, restarting bot...
Fri Aug 15 10:41:15 UTC 2025: Bot restarted
Fri Aug 15 10:52:27 UTC 2025: Detected 10 ping failures, restarting bot...
Fri Aug 15 10:52:27 UTC 2025: Bot restarted
Fri Aug 15 11:00:37 UTC 2025: Detected 10 ping failures, restarting bot...
Fri Aug 15 11:00:38 UTC 2025: Bot restarted
Fri Aug 15 11:08:16 UTC 2025: Detected 10 ping failures, restarting bot...
Fri Aug 15 11:08:17 UTC 2025: Bot restarted
Fri Aug 15 11:14:23 UTC 2025: Detected 10 ping failures, restarting bot...
Fri Aug 15 11:14:26 UTC 2025: Bot restarted
Fri Aug 15 11:27:41 UTC 2025: Detected 10 ping failures, restarting bot...
Fri Aug 15 11:27:42 UTC 2025: Bot restarted
Fri Aug 15 11:36:21 UTC 2025: Detected 10 ping failures, restarting bot...
Fri Aug 15 11:36:22 UTC 2025: Bot restarted
Fri Aug 15 11:43:29 UTC 2025: Detected 10 ping failures, restarting bot...
Fri Aug 15 11:43:31 UTC 2025: Bot restarted
Fri Aug 15 11:51:40 UTC 2025: Detected 10 ping failures, restarting bot...
Fri Aug 15 11:51:41 UTC 2025: Bot restarted
Fri Aug 15 11:58:49 UTC 2025: Detected 10 ping failures, restarting bot...
Fri Aug 15 11:58:50 UTC 2025: Bot restarted
Fri Aug 15 12:11:07 UTC 2025: Detected 10 ping failures, restarting bot...
Fri Aug 15 12:11:08 UTC 2025: Bot restarted
Fri Aug 15 12:19:17 UTC 2025: Detected 10 ping failures, restarting bot...
Fri Aug 15 12:19:18 UTC 2025: Bot restarted
Fri Aug 15 12:26:25 UTC 2025: Detected 10 ping failures, restarting bot...
Fri Aug 15 12:26:26 UTC 2025: Bot restarted
Fri Aug 15 12:35:36 UTC 2025: Detected 10 ping failures, restarting bot...
Fri Aug 15 12:35:37 UTC 2025: Bot restarted
Fri Aug 15 12:43:15 UTC 2025: Detected 10 ping failures, restarting bot...
Fri Aug 15 12:43:15 UTC 2025: Bot restarted
Fri Aug 15 12:55:29 UTC 2025: Detected 10 ping failures, restarting bot...
Fri Aug 15 12:55:30 UTC 2025: Bot restarted
Fri Aug 15 13:03:09 UTC 2025: Detected 10 ping failures, restarting bot...
Fri Aug 15 13:03:10 UTC 2025: Bot restarted
Fri Aug 15 13:10:17 UTC 2025: Detected 10 ping failures, restarting bot...
Fri Aug 15 13:10:17 UTC 2025: Bot restarted
Fri Aug 15 13:17:25 UTC 2025: Detected 10 ping failures, restarting bot...
Fri Aug 15 13:17:26 UTC 2025: Bot restarted
Fri Aug 15 13:25:06 UTC 2025: Detected 10 ping failures, restarting bot...
Fri Aug 15 13:25:09 UTC 2025: Bot restarted
Fri Aug 15 13:32:46 UTC 2025: Detected 10 ping failures, restarting bot...
Fri Aug 15 13:32:48 UTC 2025: Bot restarted
Fri Aug 15 13:43:59 UTC 2025: Detected 10 ping failures, restarting bot...
Fri Aug 15 13:44:00 UTC 2025: Bot restarted
Fri Aug 15 13:55:43 UTC 2025: Detected 10 ping failures, restarting bot...
Fri Aug 15 13:55:45 UTC 2025: Bot restarted
Fri Aug 15 14:03:22 UTC 2025: Detected 10 ping failures, restarting bot...
Fri Aug 15 14:03:23 UTC 2025: Bot restarted
Fri Aug 15 14:11:03 UTC 2025: Detected 10 ping failures, restarting bot...
Fri Aug 15 14:11:04 UTC 2025: Bot restarted
Fri Aug 15 14:23:17 UTC 2025: Detected 10 ping failures, restarting bot...
Fri Aug 15 14:23:17 UTC 2025: Bot restarted
Fri Aug 15 14:35:32 UTC 2025: Detected 10 ping failures, restarting bot...
Fri Aug 15 14:35:33 UTC 2025: Bot restarted
Fri Aug 15 14:43:11 UTC 2025: Detected 10 ping failures, restarting bot...
Fri Aug 15 14:43:12 UTC 2025: Bot restarted
Fri Aug 15 14:50:51 UTC 2025: Detected 10 ping failures, restarting bot...
Fri Aug 15 14:50:51 UTC 2025: Bot restarted
Fri Aug 15 14:58:29 UTC 2025: Detected 10 ping failures, restarting bot...
Fri Aug 15 14:58:30 UTC 2025: Bot restarted
Fri Aug 15 15:09:43 UTC 2025: Detected 10 ping failures, restarting bot...
Fri Aug 15 15:09:43 UTC 2025: Bot restarted
Fri Aug 15 15:15:49 UTC 2025: Detected 10 ping failures, restarting bot...
Fri Aug 15 15:15:50 UTC 2025: Bot restarted
Fri Aug 15 15:21:25 UTC 2025: Detected 10 ping failures, restarting bot...
Fri Aug 15 15:21:26 UTC 2025: Bot restarted
Fri Aug 15 15:32:38 UTC 2025: Detected 10 ping failures, restarting bot...
Fri Aug 15 15:32:39 UTC 2025: Bot restarted
Fri Aug 15 15:40:47 UTC 2025: Detected 10 ping failures, restarting bot...
Fri Aug 15 15:40:48 UTC 2025: Bot restarted
Fri Aug 15 15:47:25 UTC 2025: Detected 10 ping failures, restarting bot...
Fri Aug 15 15:47:26 UTC 2025: Bot restarted
Fri Aug 15 15:58:38 UTC 2025: Detected 10 ping failures, restarting bot...
Fri Aug 15 15:58:40 UTC 2025: Bot restarted
Fri Aug 15 16:06:19 UTC 2025: Detected 10 ping failures, restarting bot...
Fri Aug 15 16:06:21 UTC 2025: Bot restarted
Fri Aug 15 16:17:02 UTC 2025: Detected 10 ping failures, restarting bot...
Fri Aug 15 16:17:03 UTC 2025: Bot restarted
Fri Aug 15 16:24:42 UTC 2025: Detected 10 ping failures, restarting bot...
Fri Aug 15 16:24:43 UTC 2025: Bot restarted
Fri Aug 15 16:29:18 UTC 2025: Detected 10 ping failures, restarting bot...
Fri Aug 15 16:29:21 UTC 2025: Bot restarted
Fri Aug 15 16:34:25 UTC 2025: Detected 9 ping failures, restarting bot...
Fri Aug 15 16:34:26 UTC 2025: Bot restarted
Fri Aug 15 16:40:01 UTC 2025: Detected 10 ping failures, restarting bot...
Fri Aug 15 16:40:04 UTC 2025: Bot restarted
Fri Aug 15 16:45:39 UTC 2025: Detected 10 ping failures, restarting bot...
Fri Aug 15 16:45:40 UTC 2025: Bot restarted
Fri Aug 15 16:52:16 UTC 2025: Detected 10 ping failures, restarting bot...
Fri Aug 15 16:52:18 UTC 2025: Bot restarted
Fri Aug 15 16:58:54 UTC 2025: Detected 10 ping failures, restarting bot...
Fri Aug 15 16:58:55 UTC 2025: Bot restarted
Fri Aug 15 17:07:04 UTC 2025: Detected 10 ping failures, restarting bot...
Fri Aug 15 17:07:06 UTC 2025: Bot restarted
Fri Aug 15 17:13:11 UTC 2025: Detected 10 ping failures, restarting bot...
Fri Aug 15 17:13:12 UTC 2025: Bot restarted
Fri Aug 15 17:19:49 UTC 2025: Detected 10 ping failures, restarting bot...
Fri Aug 15 17:19:50 UTC 2025: Bot restarted
Fri Aug 15 17:31:02 UTC 2025: Detected 10 ping failures, restarting bot...
Fri Aug 15 17:31:03 UTC 2025: Bot restarted
Fri Aug 15 17:36:39 UTC 2025: Detected 10 ping failures, restarting bot...
Fri Aug 15 17:36:40 UTC 2025: Bot restarted
Fri Aug 15 17:43:47 UTC 2025: Detected 10 ping failures, restarting bot...
Fri Aug 15 17:43:48 UTC 2025: Bot restarted
Fri Aug 15 17:51:56 UTC 2025: Detected 10 ping failures, restarting bot...
Fri Aug 15 17:51:59 UTC 2025: Bot restarted
Fri Aug 15 17:58:36 UTC 2025: Detected 10 ping failures, restarting bot...
Fri Aug 15 17:58:38 UTC 2025: Bot restarted
Fri Aug 15 18:06:48 UTC 2025: Detected 10 ping failures, restarting bot...
Fri Aug 15 18:06:49 UTC 2025: Bot restarted
Fri Aug 15 18:18:31 UTC 2025: Detected 10 ping failures, restarting bot...
Fri Aug 15 18:18:33 UTC 2025: Bot restarted
Fri Aug 15 18:25:41 UTC 2025: Detected 10 ping failures, restarting bot...
Fri Aug 15 18:25:42 UTC 2025: Bot restarted
Fri Aug 15 18:32:49 UTC 2025: Detected 10 ping failures, restarting bot...
Fri Aug 15 18:32:49 UTC 2025: Bot restarted
Fri Aug 15 18:42:29 UTC 2025: Detected 10 ping failures, restarting bot...
Fri Aug 15 18:42:32 UTC 2025: Bot restarted
Fri Aug 15 18:49:39 UTC 2025: Detected 10 ping failures, restarting bot...
Fri Aug 15 18:49:40 UTC 2025: Bot restarted
Fri Aug 15 18:58:18 UTC 2025: Detected 10 ping failures, restarting bot...
Fri Aug 15 18:58:19 UTC 2025: Bot restarted
Fri Aug 15 19:05:57 UTC 2025: Detected 10 ping failures, restarting bot...
Fri Aug 15 19:05:58 UTC 2025: Bot restarted
Fri Aug 15 19:13:37 UTC 2025: Detected 10 ping failures, restarting bot...
Fri Aug 15 19:13:38 UTC 2025: Bot restarted
Fri Aug 15 19:22:47 UTC 2025: Detected 10 ping failures, restarting bot...
Fri Aug 15 19:22:49 UTC 2025: Bot restarted
Fri Aug 15 19:29:26 UTC 2025: Detected 10 ping failures, restarting bot...
Fri Aug 15 19:29:28 UTC 2025: Bot restarted
Fri Aug 15 19:40:09 UTC 2025: Detected 10 ping failures, restarting bot...
Fri Aug 15 19:40:11 UTC 2025: Bot restarted
Fri Aug 15 19:47:49 UTC 2025: Detected 10 ping failures, restarting bot...
Fri Aug 15 19:47:52 UTC 2025: Bot restarted
Fri Aug 15 19:54:28 UTC 2025: Detected 10 ping failures, restarting bot...
Fri Aug 15 19:54:28 UTC 2025: Bot restarted
Fri Aug 15 20:02:07 UTC 2025: Detected 10 ping failures, restarting bot...
Fri Aug 15 20:02:08 UTC 2025: Bot restarted
Fri Aug 15 20:10:48 UTC 2025: Detected 10 ping failures, restarting bot...
Fri Aug 15 20:10:48 UTC 2025: Bot restarted
Fri Aug 15 20:18:26 UTC 2025: Detected 10 ping failures, restarting bot...
Fri Aug 15 20:18:26 UTC 2025: Bot restarted
Fri Aug 15 20:25:34 UTC 2025: Detected 10 ping failures, restarting bot...
Fri Aug 15 20:25:36 UTC 2025: Bot restarted
Fri Aug 15 20:33:13 UTC 2025: Detected 10 ping failures, restarting bot...
Fri Aug 15 20:33:13 UTC 2025: Bot restarted
Fri Aug 15 20:40:51 UTC 2025: Detected 10 ping failures, restarting bot...
Fri Aug 15 20:40:51 UTC 2025: Bot restarted
Fri Aug 15 20:50:31 UTC 2025: Detected 10 ping failures, restarting bot...
Fri Aug 15 20:50:32 UTC 2025: Bot restarted
Fri Aug 15 20:59:41 UTC 2025: Detected 10 ping failures, restarting bot...
Fri Aug 15 20:59:42 UTC 2025: Bot restarted
Fri Aug 15 21:07:21 UTC 2025: Detected 10 ping failures, restarting bot...
Fri Aug 15 21:07:22 UTC 2025: Bot restarted
Fri Aug 15 21:14:59 UTC 2025: Detected 10 ping failures, restarting bot...
Fri Aug 15 21:15:00 UTC 2025: Bot restarted
Fri Aug 15 21:23:09 UTC 2025: Detected 10 ping failures, restarting bot...
Fri Aug 15 21:23:10 UTC 2025: Bot restarted
Fri Aug 15 21:30:48 UTC 2025: Detected 10 ping failures, restarting bot...
Fri Aug 15 21:30:49 UTC 2025: Bot restarted
Fri Aug 15 21:41:28 UTC 2025: Detected 10 ping failures, restarting bot...
Fri Aug 15 21:41:29 UTC 2025: Bot restarted
Fri Aug 15 21:49:38 UTC 2025: Detected 10 ping failures, restarting bot...
Fri Aug 15 21:49:39 UTC 2025: Bot restarted
Fri Aug 15 21:56:14 UTC 2025: Detected 10 ping failures, restarting bot...
Fri Aug 15 21:56:15 UTC 2025: Bot restarted
Fri Aug 15 22:04:53 UTC 2025: Detected 10 ping failures, restarting bot...
Fri Aug 15 22:04:54 UTC 2025: Bot restarted
Fri Aug 15 22:12:31 UTC 2025: Detected 10 ping failures, restarting bot...
Fri Aug 15 22:12:32 UTC 2025: Bot restarted
Fri Aug 15 22:20:41 UTC 2025: Detected 10 ping failures, restarting bot...
Fri Aug 15 22:20:42 UTC 2025: Bot restarted
Fri Aug 15 22:30:22 UTC 2025: Detected 10 ping failures, restarting bot...
Fri Aug 15 22:30:23 UTC 2025: Bot restarted
Fri Aug 15 22:41:37 UTC 2025: Detected 10 ping failures, restarting bot...
Fri Aug 15 22:41:37 UTC 2025: Bot restarted
Fri Aug 15 22:52:18 UTC 2025: Detected 10 ping failures, restarting bot...
Fri Aug 15 22:52:20 UTC 2025: Bot restarted
Fri Aug 15 22:59:26 UTC 2025: Detected 10 ping failures, restarting bot...
Fri Aug 15 22:59:27 UTC 2025: Bot restarted
Fri Aug 15 23:08:06 UTC 2025: Detected 10 ping failures, restarting bot...
Fri Aug 15 23:08:07 UTC 2025: Bot restarted
Fri Aug 15 23:17:47 UTC 2025: Detected 10 ping failures, restarting bot...
Fri Aug 15 23:17:48 UTC 2025: Bot restarted
Fri Aug 15 23:27:26 UTC 2025: Detected 10 ping failures, restarting bot...
Fri Aug 15 23:27:27 UTC 2025: Bot restarted
Fri Aug 15 23:39:09 UTC 2025: Detected 10 ping failures, restarting bot...
Fri Aug 15 23:39:10 UTC 2025: Bot restarted
Fri Aug 15 23:46:47 UTC 2025: Detected 10 ping failures, restarting bot...
Fri Aug 15 23:46:48 UTC 2025: Bot restarted
Fri Aug 15 23:54:55 UTC 2025: Detected 10 ping failures, restarting bot...
Fri Aug 15 23:54:56 UTC 2025: Bot restarted
Sat Aug 16 00:07:10 UTC 2025: Detected 10 ping failures, restarting bot...
Sat Aug 16 00:07:10 UTC 2025: Bot restarted
Sat Aug 16 00:15:19 UTC 2025: Detected 10 ping failures, restarting bot...
Sat Aug 16 00:15:21 UTC 2025: Bot restarted
Sat Aug 16 00:22:59 UTC 2025: Detected 10 ping failures, restarting bot...
Sat Aug 16 00:23:00 UTC 2025: Bot restarted
Sat Aug 16 00:30:08 UTC 2025: Detected 10 ping failures, restarting bot...
Sat Aug 16 00:30:11 UTC 2025: Bot restarted
Sat Aug 16 00:37:17 UTC 2025: Detected 10 ping failures, restarting bot...
Sat Aug 16 00:37:19 UTC 2025: Bot restarted
Sat Aug 16 00:47:29 UTC 2025: Detected 10 ping failures, restarting bot...
Sat Aug 16 00:47:29 UTC 2025: Bot restarted
Sat Aug 16 00:55:37 UTC 2025: Detected 10 ping failures, restarting bot...
Sat Aug 16 00:55:37 UTC 2025: Bot restarted
Sat Aug 16 01:06:48 UTC 2025: Detected 10 ping failures, restarting bot...
Sat Aug 16 01:06:49 UTC 2025: Bot restarted
Sat Aug 16 01:16:28 UTC 2025: Detected 10 ping failures, restarting bot...
Sat Aug 16 01:16:29 UTC 2025: Bot restarted
Sat Aug 16 01:25:08 UTC 2025: Detected 10 ping failures, restarting bot...
Sat Aug 16 01:25:09 UTC 2025: Bot restarted
Sat Aug 16 01:33:17 UTC 2025: Detected 10 ping failures, restarting bot...
Sat Aug 16 01:33:19 UTC 2025: Bot restarted
Sat Aug 16 01:40:56 UTC 2025: Detected 10 ping failures, restarting bot...
Sat Aug 16 01:40:57 UTC 2025: Bot restarted
Sat Aug 16 01:51:06 UTC 2025: Detected 10 ping failures, restarting bot...
Sat Aug 16 01:51:07 UTC 2025: Bot restarted
Sat Aug 16 01:59:15 UTC 2025: Detected 10 ping failures, restarting bot...
Sat Aug 16 01:59:15 UTC 2025: Bot restarted
Sat Aug 16 02:06:52 UTC 2025: Detected 10 ping failures, restarting bot...
Sat Aug 16 02:06:53 UTC 2025: Bot restarted
Sat Aug 16 02:14:30 UTC 2025: Detected 10 ping failures, restarting bot...
Sat Aug 16 02:14:30 UTC 2025: Bot restarted
Sat Aug 16 02:30:47 UTC 2025: Detected 10 ping failures, restarting bot...
Sat Aug 16 02:30:47 UTC 2025: Bot restarted
Sat Aug 16 02:37:53 UTC 2025: Detected 10 ping failures, restarting bot...
Sat Aug 16 02:37:54 UTC 2025: Bot restarted
Sat Aug 16 02:48:34 UTC 2025: Detected 10 ping failures, restarting bot...
Sat Aug 16 02:48:34 UTC 2025: Bot restarted
Sat Aug 16 02:59:14 UTC 2025: Detected 10 ping failures, restarting bot...
Sat Aug 16 02:59:15 UTC 2025: Bot restarted
Sat Aug 16 03:06:22 UTC 2025: Detected 10 ping failures, restarting bot...
Sat Aug 16 03:06:24 UTC 2025: Bot restarted
Sat Aug 16 03:15:02 UTC 2025: Detected 10 ping failures, restarting bot...
Sat Aug 16 03:15:04 UTC 2025: Bot restarted
Sat Aug 16 03:24:13 UTC 2025: Detected 10 ping failures, restarting bot...
Sat Aug 16 03:24:14 UTC 2025: Bot restarted
Sat Aug 16 03:34:56 UTC 2025: Detected 10 ping failures, restarting bot...
Sat Aug 16 03:34:56 UTC 2025: Bot restarted
Sat Aug 16 03:45:37 UTC 2025: Detected 10 ping failures, restarting bot...
Sat Aug 16 03:45:38 UTC 2025: Bot restarted
Sat Aug 16 03:53:45 UTC 2025: Detected 10 ping failures, restarting bot...
Sat Aug 16 03:53:46 UTC 2025: Bot restarted
Sat Aug 16 04:00:22 UTC 2025: Detected 10 ping failures, restarting bot...
Sat Aug 16 04:00:23 UTC 2025: Bot restarted
Sat Aug 16 04:09:02 UTC 2025: Detected 10 ping failures, restarting bot...
Sat Aug 16 04:09:04 UTC 2025: Bot restarted
Sat Aug 16 04:15:40 UTC 2025: Detected 10 ping failures, restarting bot...
Sat Aug 16 04:15:40 UTC 2025: Bot restarted
Sat Aug 16 04:26:21 UTC 2025: Detected 10 ping failures, restarting bot...
Sat Aug 16 04:26:24 UTC 2025: Bot restarted
Sat Aug 16 04:37:05 UTC 2025: Detected 10 ping failures, restarting bot...
Sat Aug 16 04:37:06 UTC 2025: Bot restarted
Sat Aug 16 04:47:47 UTC 2025: Detected 10 ping failures, restarting bot...
Sat Aug 16 04:47:47 UTC 2025: Bot restarted
Sat Aug 16 04:56:26 UTC 2025: Detected 10 ping failures, restarting bot...
Sat Aug 16 04:56:27 UTC 2025: Bot restarted
Sat Aug 16 05:04:36 UTC 2025: Detected 10 ping failures, restarting bot...
Sat Aug 16 05:04:36 UTC 2025: Bot restarted
Sat Aug 16 05:12:14 UTC 2025: Detected 10 ping failures, restarting bot...
Sat Aug 16 05:12:15 UTC 2025: Bot restarted
Sat Aug 16 05:22:56 UTC 2025: Detected 10 ping failures, restarting bot...
Sat Aug 16 05:22:57 UTC 2025: Bot restarted
Sat Aug 16 05:31:06 UTC 2025: Detected 10 ping failures, restarting bot...
Sat Aug 16 05:31:07 UTC 2025: Bot restarted
Sat Aug 16 05:39:45 UTC 2025: Detected 10 ping failures, restarting bot...
Sat Aug 16 05:39:45 UTC 2025: Bot restarted
Sat Aug 16 05:47:23 UTC 2025: Detected 10 ping failures, restarting bot...
Sat Aug 16 05:47:24 UTC 2025: Bot restarted
Sat Aug 16 05:56:04 UTC 2025: Detected 10 ping failures, restarting bot...
Sat Aug 16 05:56:05 UTC 2025: Bot restarted
Sat Aug 16 06:07:18 UTC 2025: Detected 10 ping failures, restarting bot...
Sat Aug 16 06:07:18 UTC 2025: Bot restarted
Sat Aug 16 06:16:28 UTC 2025: Detected 10 ping failures, restarting bot...
Sat Aug 16 06:16:29 UTC 2025: Bot restarted
Sat Aug 16 06:25:09 UTC 2025: Detected 10 ping failures, restarting bot...
Sat Aug 16 06:25:10 UTC 2025: Bot restarted
Sat Aug 16 06:43:29 UTC 2025: Detected 10 ping failures, restarting bot...
Sat Aug 16 06:43:30 UTC 2025: Bot restarted
Sat Aug 16 06:52:40 UTC 2025: Detected 10 ping failures, restarting bot...
Sat Aug 16 06:52:41 UTC 2025: Bot restarted
Sat Aug 16 07:00:18 UTC 2025: Detected 10 ping failures, restarting bot...
Sat Aug 16 07:00:19 UTC 2025: Bot restarted
Sat Aug 16 07:07:56 UTC 2025: Detected 10 ping failures, restarting bot...
Sat Aug 16 07:07:56 UTC 2025: Bot restarted
Sat Aug 16 07:15:34 UTC 2025: Detected 10 ping failures, restarting bot...
Sat Aug 16 07:15:35 UTC 2025: Bot restarted
Sat Aug 16 07:26:16 UTC 2025: Detected 10 ping failures, restarting bot...
Sat Aug 16 07:26:17 UTC 2025: Bot restarted
Sat Aug 16 07:33:23 UTC 2025: Detected 10 ping failures, restarting bot...
Sat Aug 16 07:33:24 UTC 2025: Bot restarted
Sat Aug 16 07:42:02 UTC 2025: Detected 10 ping failures, restarting bot...
Sat Aug 16 07:42:03 UTC 2025: Bot restarted
Sat Aug 16 07:53:15 UTC 2025: Detected 10 ping failures, restarting bot...
Sat Aug 16 07:53:16 UTC 2025: Bot restarted
Sat Aug 16 08:00:23 UTC 2025: Detected 10 ping failures, restarting bot...
Sat Aug 16 08:00:24 UTC 2025: Bot restarted
Sat Aug 16 08:08:33 UTC 2025: Detected 10 ping failures, restarting bot...
Sat Aug 16 08:08:34 UTC 2025: Bot restarted
Sat Aug 16 08:18:44 UTC 2025: Detected 10 ping failures, restarting bot...
Sat Aug 16 08:18:45 UTC 2025: Bot restarted
Sat Aug 16 08:26:24 UTC 2025: Detected 10 ping failures, restarting bot...
Sat Aug 16 08:26:25 UTC 2025: Bot restarted
Sat Aug 16 08:39:40 UTC 2025: Detected 10 ping failures, restarting bot...
Sat Aug 16 08:39:42 UTC 2025: Bot restarted
Sat Aug 16 08:46:49 UTC 2025: Detected 10 ping failures, restarting bot...
Sat Aug 16 08:46:49 UTC 2025: Bot restarted
Sat Aug 16 08:53:56 UTC 2025: Detected 10 ping failures, restarting bot...
Sat Aug 16 08:53:57 UTC 2025: Bot restarted
Sat Aug 16 09:01:36 UTC 2025: Detected 10 ping failures, restarting bot...
Sat Aug 16 09:01:37 UTC 2025: Bot restarted
Sat Aug 16 09:12:49 UTC 2025: Detected 10 ping failures, restarting bot...
Sat Aug 16 09:12:50 UTC 2025: Bot restarted
Sat Aug 16 09:21:58 UTC 2025: Detected 10 ping failures, restarting bot...
Sat Aug 16 09:21:59 UTC 2025: Bot restarted
Sat Aug 16 09:29:38 UTC 2025: Detected 10 ping failures, restarting bot...
Sat Aug 16 09:29:39 UTC 2025: Bot restarted
Sat Aug 16 09:38:47 UTC 2025: Detected 10 ping failures, restarting bot...
Sat Aug 16 09:38:48 UTC 2025: Bot restarted
Sat Aug 16 09:45:25 UTC 2025: Detected 10 ping failures, restarting bot...
Sat Aug 16 09:45:26 UTC 2025: Bot restarted
Sat Aug 16 09:53:34 UTC 2025: Detected 10 ping failures, restarting bot...
Sat Aug 16 09:53:35 UTC 2025: Bot restarted
Sat Aug 16 10:00:12 UTC 2025: Detected 10 ping failures, restarting bot...
Sat Aug 16 10:00:13 UTC 2025: Bot restarted
Sat Aug 16 10:07:51 UTC 2025: Detected 10 ping failures, restarting bot...
Sat Aug 16 10:07:51 UTC 2025: Bot restarted
Sat Aug 16 10:16:00 UTC 2025: Detected 10 ping failures, restarting bot...
Sat Aug 16 10:16:01 UTC 2025: Bot restarted
Sat Aug 16 10:24:09 UTC 2025: Detected 10 ping failures, restarting bot...
Sat Aug 16 10:24:10 UTC 2025: Bot restarted
Sat Aug 16 10:32:49 UTC 2025: Detected 10 ping failures, restarting bot...
Sat Aug 16 10:32:50 UTC 2025: Bot restarted
Sat Aug 16 10:40:28 UTC 2025: Detected 10 ping failures, restarting bot...
Sat Aug 16 10:40:29 UTC 2025: Bot restarted
Sat Aug 16 10:48:07 UTC 2025: Detected 10 ping failures, restarting bot...
Sat Aug 16 10:48:09 UTC 2025: Bot restarted
Sat Aug 16 10:55:47 UTC 2025: Detected 10 ping failures, restarting bot...
Sat Aug 16 10:55:47 UTC 2025: Bot restarted
Sat Aug 16 11:03:56 UTC 2025: Detected 10 ping failures, restarting bot...
Sat Aug 16 11:03:57 UTC 2025: Bot restarted
Sat Aug 16 11:15:41 UTC 2025: Detected 10 ping failures, restarting bot...
Sat Aug 16 11:15:43 UTC 2025: Bot restarted
Sat Aug 16 11:23:51 UTC 2025: Detected 10 ping failures, restarting bot...
Sat Aug 16 11:23:52 UTC 2025: Bot restarted
Sat Aug 16 11:32:00 UTC 2025: Detected 10 ping failures, restarting bot...
Sat Aug 16 11:32:01 UTC 2025: Bot restarted
Sat Aug 16 11:39:09 UTC 2025: Detected 10 ping failures, restarting bot...
Sat Aug 16 11:39:12 UTC 2025: Bot restarted
Sat Aug 16 11:47:21 UTC 2025: Detected 10 ping failures, restarting bot...
Sat Aug 16 11:47:22 UTC 2025: Bot restarted
Sat Aug 16 11:54:28 UTC 2025: Detected 10 ping failures, restarting bot...
Sat Aug 16 11:54:29 UTC 2025: Bot restarted
Sat Aug 16 12:02:39 UTC 2025: Detected 10 ping failures, restarting bot...
Sat Aug 16 12:02:41 UTC 2025: Bot restarted
Sat Aug 16 12:14:24 UTC 2025: Detected 10 ping failures, restarting bot...
Sat Aug 16 12:14:25 UTC 2025: Bot restarted
Sat Aug 16 12:23:05 UTC 2025: Detected 10 ping failures, restarting bot...
Sat Aug 16 12:23:06 UTC 2025: Bot restarted
Sat Aug 16 12:30:44 UTC 2025: Detected 10 ping failures, restarting bot...
Sat Aug 16 12:30:45 UTC 2025: Bot restarted
Sat Aug 16 12:37:51 UTC 2025: Detected 10 ping failures, restarting bot...
Sat Aug 16 12:37:52 UTC 2025: Bot restarted
Sat Aug 16 12:44:59 UTC 2025: Detected 10 ping failures, restarting bot...
Sat Aug 16 12:45:00 UTC 2025: Bot restarted
Sat Aug 16 12:53:09 UTC 2025: Detected 10 ping failures, restarting bot...
Sat Aug 16 12:53:10 UTC 2025: Bot restarted
Sat Aug 16 13:04:53 UTC 2025: Detected 10 ping failures, restarting bot...
Sat Aug 16 13:04:54 UTC 2025: Bot restarted
Sat Aug 16 13:13:03 UTC 2025: Detected 10 ping failures, restarting bot...
Sat Aug 16 13:13:03 UTC 2025: Bot restarted
Sat Aug 16 13:21:42 UTC 2025: Detected 10 ping failures, restarting bot...
Sat Aug 16 13:21:43 UTC 2025: Bot restarted
Sat Aug 16 13:28:50 UTC 2025: Detected 10 ping failures, restarting bot...
Sat Aug 16 13:28:51 UTC 2025: Bot restarted
Sat Aug 16 13:36:29 UTC 2025: Detected 10 ping failures, restarting bot...
Sat Aug 16 13:36:30 UTC 2025: Bot restarted
Sat Aug 16 13:44:09 UTC 2025: Detected 10 ping failures, restarting bot...
Sat Aug 16 13:44:09 UTC 2025: Bot restarted
Sat Aug 16 13:51:16 UTC 2025: Detected 10 ping failures, restarting bot...
Sat Aug 16 13:51:17 UTC 2025: Bot restarted
Sat Aug 16 13:58:23 UTC 2025: Detected 10 ping failures, restarting bot...
Sat Aug 16 13:58:24 UTC 2025: Bot restarted
Sat Aug 16 14:16:15 UTC 2025: Detected 10 ping failures, restarting bot...
Sat Aug 16 14:16:16 UTC 2025: Bot restarted
Sat Aug 16 14:22:54 UTC 2025: Detected 10 ping failures, restarting bot...
Sat Aug 16 14:22:54 UTC 2025: Bot restarted
Sat Aug 16 14:26:57 UTC 2025: Detected 10 ping failures, restarting bot...
Sat Aug 16 14:26:58 UTC 2025: Bot restarted
Sat Aug 16 14:28:29 UTC 2025: Detected 10 ping failures, restarting bot...
Sat Aug 16 14:28:29 UTC 2025: Bot restarted
Sat Aug 16 14:33:04 UTC 2025: Detected 10 ping failures, restarting bot...
Sat Aug 16 14:33:04 UTC 2025: Bot restarted
Sat Aug 16 14:34:35 UTC 2025: Detected 10 ping failures, restarting bot...
Sat Aug 16 14:34:36 UTC 2025: Bot restarted
Sat Aug 16 14:36:06 UTC 2025: Detected 10 ping failures, restarting bot...
Sat Aug 16 14:36:07 UTC 2025: Bot restarted
Sat Aug 16 14:40:11 UTC 2025: Detected 10 ping failures, restarting bot...
Sat Aug 16 14:40:12 UTC 2025: Bot restarted
Sat Aug 16 14:46:49 UTC 2025: Detected 10 ping failures, restarting bot...
Sat Aug 16 14:46:50 UTC 2025: Bot restarted
Sat Aug 16 14:48:51 UTC 2025: Detected 6 ping failures, restarting bot...
Sat Aug 16 14:48:52 UTC 2025: Bot restarted
Sat Aug 16 14:50:23 UTC 2025: Detected 10 ping failures, restarting bot...
Sat Aug 16 14:50:24 UTC 2025: Bot restarted
Sat Aug 16 14:52:56 UTC 2025: Detected 10 ping failures, restarting bot...
Sat Aug 16 14:52:56 UTC 2025: Bot restarted
Sat Aug 16 14:56:29 UTC 2025: Detected 10 ping failures, restarting bot...
Sat Aug 16 14:56:30 UTC 2025: Bot restarted
Sat Aug 16 14:59:02 UTC 2025: Detected 10 ping failures, restarting bot...
Sat Aug 16 14:59:03 UTC 2025: Bot restarted
Sat Aug 16 15:00:34 UTC 2025: Detected 10 ping failures, restarting bot...
Sat Aug 16 15:00:35 UTC 2025: Bot restarted
Sat Aug 16 15:04:40 UTC 2025: Detected 9 ping failures, restarting bot...
Sat Aug 16 15:04:41 UTC 2025: Bot restarted
Sat Aug 16 15:07:44 UTC 2025: Detected 10 ping failures, restarting bot...
Sat Aug 16 15:07:45 UTC 2025: Bot restarted
Sat Aug 16 15:09:15 UTC 2025: Detected 10 ping failures, restarting bot...
Sat Aug 16 15:09:16 UTC 2025: Bot restarted
Sat Aug 16 15:17:27 UTC 2025: Detected 10 ping failures, restarting bot...
Sat Aug 16 15:17:28 UTC 2025: Bot restarted
Sat Aug 16 15:18:58 UTC 2025: Detected 10 ping failures, restarting bot...
Sat Aug 16 15:18:59 UTC 2025: Bot restarted
Sat Aug 16 15:21:31 UTC 2025: Detected 10 ping failures, restarting bot...
Sat Aug 16 15:21:32 UTC 2025: Bot restarted
Sat Aug 16 15:25:05 UTC 2025: Detected 10 ping failures, restarting bot...
Sat Aug 16 15:25:06 UTC 2025: Bot restarted
Sat Aug 16 15:28:40 UTC 2025: Detected 10 ping failures, restarting bot...
Sat Aug 16 15:28:41 UTC 2025: Bot restarted
Sat Aug 16 15:31:44 UTC 2025: Detected 10 ping failures, restarting bot...
Sat Aug 16 15:31:44 UTC 2025: Bot restarted
Sat Aug 16 15:35:18 UTC 2025: Detected 10 ping failures, restarting bot...
Sat Aug 16 15:35:19 UTC 2025: Bot restarted
Sat Aug 16 15:38:52 UTC 2025: Detected 10 ping failures, restarting bot...
Sat Aug 16 15:38:52 UTC 2025: Bot restarted
Sat Aug 16 15:41:55 UTC 2025: Detected 10 ping failures, restarting bot...
Sat Aug 16 15:41:56 UTC 2025: Bot restarted
Sat Aug 16 15:43:56 UTC 2025: Detected 10 ping failures, restarting bot...
Sat Aug 16 15:43:57 UTC 2025: Bot restarted
Sat Aug 16 15:45:28 UTC 2025: Detected 10 ping failures, restarting bot...
Sat Aug 16 15:45:29 UTC 2025: Bot restarted
Sat Aug 16 15:48:32 UTC 2025: Detected 10 ping failures, restarting bot...
Sat Aug 16 15:48:32 UTC 2025: Bot restarted
Sat Aug 16 15:51:05 UTC 2025: Detected 10 ping failures, restarting bot...
Sat Aug 16 15:51:06 UTC 2025: Bot restarted
Sat Aug 16 15:55:10 UTC 2025: Detected 10 ping failures, restarting bot...
Sat Aug 16 15:55:11 UTC 2025: Bot restarted
Sat Aug 16 15:57:43 UTC 2025: Detected 10 ping failures, restarting bot...
Sat Aug 16 15:57:44 UTC 2025: Bot restarted
Sat Aug 16 16:00:46 UTC 2025: Detected 10 ping failures, restarting bot...
Sat Aug 16 16:00:47 UTC 2025: Bot restarted
Sat Aug 16 16:02:18 UTC 2025: Detected 10 ping failures, restarting bot...
Sat Aug 16 16:02:19 UTC 2025: Bot restarted
Sat Aug 16 16:06:54 UTC 2025: Detected 10 ping failures, restarting bot...
Sat Aug 16 16:06:55 UTC 2025: Bot restarted
Sat Aug 16 16:09:57 UTC 2025: Detected 10 ping failures, restarting bot...
Sat Aug 16 16:09:58 UTC 2025: Bot restarted
Sat Aug 16 16:11:29 UTC 2025: Detected 10 ping failures, restarting bot...
Sat Aug 16 16:11:30 UTC 2025: Bot restarted
Sat Aug 16 16:15:04 UTC 2025: Detected 9 ping failures, restarting bot...
Sat Aug 16 16:15:05 UTC 2025: Bot restarted
Sat Aug 16 16:23:13 UTC 2025: Detected 10 ping failures, restarting bot...
Sat Aug 16 16:23:14 UTC 2025: Bot restarted
Sat Aug 16 16:26:47 UTC 2025: Detected 10 ping failures, restarting bot...
Sat Aug 16 16:26:49 UTC 2025: Bot restarted
Sat Aug 16 16:30:53 UTC 2025: Detected 10 ping failures, restarting bot...
Sat Aug 16 16:30:54 UTC 2025: Bot restarted
Sat Aug 16 16:32:25 UTC 2025: Detected 10 ping failures, restarting bot...
Sat Aug 16 16:32:25 UTC 2025: Bot restarted
Sat Aug 16 16:34:57 UTC 2025: Detected 10 ping failures, restarting bot...
Sat Aug 16 16:34:58 UTC 2025: Bot restarted
Sat Aug 16 16:36:29 UTC 2025: Detected 8 ping failures, restarting bot...
Sat Aug 16 16:36:29 UTC 2025: Bot restarted
Sat Aug 16 16:38:00 UTC 2025: Detected 10 ping failures, restarting bot...
Sat Aug 16 16:38:00 UTC 2025: Bot restarted
Sat Aug 16 16:39:31 UTC 2025: Detected 10 ping failures, restarting bot...
Sat Aug 16 16:39:32 UTC 2025: Bot restarted
Sat Aug 16 16:41:03 UTC 2025: Detected 10 ping failures, restarting bot...
Sat Aug 16 16:41:04 UTC 2025: Bot restarted
Sat Aug 16 16:44:38 UTC 2025: Detected 10 ping failures, restarting bot...
Sat Aug 16 16:44:39 UTC 2025: Bot restarted
Sat Aug 16 16:46:09 UTC 2025: Detected 10 ping failures, restarting bot...
Sat Aug 16 16:46:10 UTC 2025: Bot restarted
Sat Aug 16 16:50:14 UTC 2025: Detected 10 ping failures, restarting bot...
Sat Aug 16 16:50:15 UTC 2025: Bot restarted
Sat Aug 16 16:57:22 UTC 2025: Detected 10 ping failures, restarting bot...
Sat Aug 16 16:57:23 UTC 2025: Bot restarted
Sat Aug 16 17:00:57 UTC 2025: Detected 10 ping failures, restarting bot...
Sat Aug 16 17:00:58 UTC 2025: Bot restarted
Sat Aug 16 17:03:30 UTC 2025: Detected 10 ping failures, restarting bot...
Sat Aug 16 17:03:31 UTC 2025: Bot restarted
Sat Aug 16 17:05:33 UTC 2025: Detected 9 ping failures, restarting bot...
Sat Aug 16 17:05:34 UTC 2025: Bot restarted
Sat Aug 16 17:08:37 UTC 2025: Detected 10 ping failures, restarting bot...
Sat Aug 16 17:08:38 UTC 2025: Bot restarted
Sat Aug 16 17:12:42 UTC 2025: Detected 10 ping failures, restarting bot...
Sat Aug 16 17:12:43 UTC 2025: Bot restarted
Sat Aug 16 17:19:51 UTC 2025: Detected 10 ping failures, restarting bot...
Sat Aug 16 17:19:53 UTC 2025: Bot restarted
Sat Aug 16 17:23:26 UTC 2025: Detected 10 ping failures, restarting bot...
Sat Aug 16 17:23:27 UTC 2025: Bot restarted
Sat Aug 16 17:26:30 UTC 2025: Detected 10 ping failures, restarting bot...
Sat Aug 16 17:26:30 UTC 2025: Bot restarted
Sat Aug 16 17:29:33 UTC 2025: Detected 10 ping failures, restarting bot...
Sat Aug 16 17:29:34 UTC 2025: Bot restarted
Sat Aug 16 17:31:05 UTC 2025: Detected 10 ping failures, restarting bot...
Sat Aug 16 17:31:06 UTC 2025: Bot restarted
Sat Aug 16 17:34:39 UTC 2025: Detected 10 ping failures, restarting bot...
Sat Aug 16 17:34:40 UTC 2025: Bot restarted
Sat Aug 16 17:38:43 UTC 2025: Detected 10 ping failures, restarting bot...
Sat Aug 16 17:38:44 UTC 2025: Bot restarted
Sat Aug 16 17:43:18 UTC 2025: Detected 10 ping failures, restarting bot...
Sat Aug 16 17:43:19 UTC 2025: Bot restarted
Sat Aug 16 17:49:25 UTC 2025: Detected 10 ping failures, restarting bot...
Sat Aug 16 17:49:26 UTC 2025: Bot restarted
Sat Aug 16 17:52:59 UTC 2025: Detected 10 ping failures, restarting bot...
Sat Aug 16 17:53:00 UTC 2025: Bot restarted
Sat Aug 16 17:56:34 UTC 2025: Detected 10 ping failures, restarting bot...
Sat Aug 16 17:56:34 UTC 2025: Bot restarted
Sat Aug 16 18:00:38 UTC 2025: Detected 10 ping failures, restarting bot...
Sat Aug 16 18:00:39 UTC 2025: Bot restarted
Sat Aug 16 18:07:47 UTC 2025: Detected 10 ping failures, restarting bot...
Sat Aug 16 18:07:48 UTC 2025: Bot restarted
Sat Aug 16 18:12:23 UTC 2025: Detected 10 ping failures, restarting bot...
Sat Aug 16 18:12:24 UTC 2025: Bot restarted
Sat Aug 16 18:16:28 UTC 2025: Detected 8 ping failures, restarting bot...
Sat Aug 16 18:16:28 UTC 2025: Bot restarted
Sat Aug 16 18:17:59 UTC 2025: Detected 10 ping failures, restarting bot...
Sat Aug 16 18:18:00 UTC 2025: Bot restarted
Sat Aug 16 18:22:05 UTC 2025: Detected 10 ping failures, restarting bot...
Sat Aug 16 18:22:06 UTC 2025: Bot restarted
Sat Aug 16 18:23:37 UTC 2025: Detected 10 ping failures, restarting bot...
Sat Aug 16 18:23:37 UTC 2025: Bot restarted
Sat Aug 16 18:32:19 UTC 2025: Detected 10 ping failures, restarting bot...
Sat Aug 16 18:32:20 UTC 2025: Bot restarted
Sat Aug 16 18:41:00 UTC 2025: Detected 10 ping failures, restarting bot...
Sat Aug 16 18:41:01 UTC 2025: Bot restarted
Sat Aug 16 18:45:05 UTC 2025: Detected 10 ping failures, restarting bot...
Sat Aug 16 18:45:06 UTC 2025: Bot restarted
Sat Aug 16 18:48:39 UTC 2025: Detected 10 ping failures, restarting bot...
Sat Aug 16 18:48:40 UTC 2025: Bot restarted
Sat Aug 16 18:55:18 UTC 2025: Detected 10 ping failures, restarting bot...
Sat Aug 16 18:55:19 UTC 2025: Bot restarted
Sat Aug 16 18:58:53 UTC 2025: Detected 10 ping failures, restarting bot...
Sat Aug 16 18:58:53 UTC 2025: Bot restarted
Sat Aug 16 19:01:26 UTC 2025: Detected 8 ping failures, restarting bot...
Sat Aug 16 19:01:28 UTC 2025: Bot restarted
Sat Aug 16 19:02:58 UTC 2025: Detected 10 ping failures, restarting bot...
Sat Aug 16 19:02:59 UTC 2025: Bot restarted
Sat Aug 16 19:06:02 UTC 2025: Detected 10 ping failures, restarting bot...
Sat Aug 16 19:06:03 UTC 2025: Bot restarted
Sat Aug 16 19:09:37 UTC 2025: Detected 10 ping failures, restarting bot...
Sat Aug 16 19:09:38 UTC 2025: Bot restarted
Sat Aug 16 19:15:13 UTC 2025: Detected 10 ping failures, restarting bot...
Sat Aug 16 19:15:14 UTC 2025: Bot restarted
Sat Aug 16 19:16:45 UTC 2025: Detected 9 ping failures, restarting bot...
Sat Aug 16 19:16:46 UTC 2025: Bot restarted
Sat Aug 16 19:18:16 UTC 2025: Detected 10 ping failures, restarting bot...
Sat Aug 16 19:18:17 UTC 2025: Bot restarted
Sat Aug 16 19:21:20 UTC 2025: Detected 10 ping failures, restarting bot...
Sat Aug 16 19:21:21 UTC 2025: Bot restarted
Sat Aug 16 19:23:52 UTC 2025: Detected 10 ping failures, restarting bot...
Sat Aug 16 19:23:53 UTC 2025: Bot restarted
Sat Aug 16 19:26:56 UTC 2025: Detected 10 ping failures, restarting bot...
Sat Aug 16 19:26:57 UTC 2025: Bot restarted
Sat Aug 16 19:28:59 UTC 2025: Detected 10 ping failures, restarting bot...
Sat Aug 16 19:28:59 UTC 2025: Bot restarted
Sat Aug 16 19:30:30 UTC 2025: Detected 10 ping failures, restarting bot...
Sat Aug 16 19:30:31 UTC 2025: Bot restarted
Sat Aug 16 19:32:02 UTC 2025: Detected 10 ping failures, restarting bot...
Sat Aug 16 19:32:03 UTC 2025: Bot restarted
Sat Aug 16 19:33:34 UTC 2025: Detected 10 ping failures, restarting bot...
Sat Aug 16 19:33:35 UTC 2025: Bot restarted
Sat Aug 16 19:40:13 UTC 2025: Detected 10 ping failures, restarting bot...
Sat Aug 16 19:40:15 UTC 2025: Bot restarted
Sat Aug 16 19:42:46 UTC 2025: Detected 10 ping failures, restarting bot...
Sat Aug 16 19:42:47 UTC 2025: Bot restarted
Sat Aug 16 19:46:51 UTC 2025: Detected 10 ping failures, restarting bot...
Sat Aug 16 19:46:52 UTC 2025: Bot restarted
Sat Aug 16 19:50:25 UTC 2025: Detected 10 ping failures, restarting bot...
Sat Aug 16 19:50:26 UTC 2025: Bot restarted
Sat Aug 16 19:54:29 UTC 2025: Detected 10 ping failures, restarting bot...
Sat Aug 16 19:54:29 UTC 2025: Bot restarted
Sat Aug 16 19:57:32 UTC 2025: Detected 10 ping failures, restarting bot...
Sat Aug 16 19:57:33 UTC 2025: Bot restarted
Sat Aug 16 20:03:10 UTC 2025: Detected 10 ping failures, restarting bot...
Sat Aug 16 20:03:10 UTC 2025: Bot restarted
Sat Aug 16 20:08:47 UTC 2025: Detected 10 ping failures, restarting bot...
Sat Aug 16 20:08:47 UTC 2025: Bot restarted
Sat Aug 16 20:11:19 UTC 2025: Detected 10 ping failures, restarting bot...
Sat Aug 16 20:11:20 UTC 2025: Bot restarted
Sat Aug 16 20:26:09 UTC 2025: Detected 10 ping failures, restarting bot...
Sat Aug 16 20:26:12 UTC 2025: Bot restarted
Sat Aug 16 20:37:25 UTC 2025: Detected 10 ping failures, restarting bot...
Sat Aug 16 20:37:26 UTC 2025: Bot restarted
Sat Aug 16 21:21:23 UTC 2025: Detected 10 ping failures, restarting bot...
Sat Aug 16 21:21:26 UTC 2025: Bot restarted
Sat Aug 16 21:32:38 UTC 2025: Detected 10 ping failures, restarting bot...
Sat Aug 16 21:32:40 UTC 2025: Bot restarted
Sat Aug 16 21:41:20 UTC 2025: Detected 10 ping failures, restarting bot...
Sat Aug 16 21:41:20 UTC 2025: Bot restarted
Sat Aug 16 21:50:29 UTC 2025: Detected 10 ping failures, restarting bot...
Sat Aug 16 21:50:30 UTC 2025: Bot restarted
Sat Aug 16 22:02:14 UTC 2025: Detected 10 ping failures, restarting bot...
Sat Aug 16 22:02:15 UTC 2025: Bot restarted
Sat Aug 16 22:24:36 UTC 2025: Detected 10 ping failures, restarting bot...
Sat Aug 16 22:24:38 UTC 2025: Bot restarted
Sat Aug 16 22:33:48 UTC 2025: Detected 10 ping failures, restarting bot...
Sat Aug 16 22:33:49 UTC 2025: Bot restarted
Sat Aug 16 22:46:35 UTC 2025: Detected 10 ping failures, restarting bot...
Sat Aug 16 22:46:36 UTC 2025: Bot restarted
Sat Aug 16 22:55:15 UTC 2025: Detected 10 ping failures, restarting bot...
Sat Aug 16 22:55:17 UTC 2025: Bot restarted
Sat Aug 16 23:04:26 UTC 2025: Detected 10 ping failures, restarting bot...
Sat Aug 16 23:04:27 UTC 2025: Bot restarted
Sat Aug 16 23:15:40 UTC 2025: Detected 10 ping failures, restarting bot...
Sat Aug 16 23:15:41 UTC 2025: Bot restarted
Sat Aug 16 23:25:22 UTC 2025: Detected 10 ping failures, restarting bot...
Sat Aug 16 23:25:22 UTC 2025: Bot restarted
Sat Aug 16 23:33:31 UTC 2025: Detected 10 ping failures, restarting bot...
Sat Aug 16 23:33:32 UTC 2025: Bot restarted
Sat Aug 16 23:43:43 UTC 2025: Detected 10 ping failures, restarting bot...
Sat Aug 16 23:43:44 UTC 2025: Bot restarted
Sat Aug 16 23:52:53 UTC 2025: Detected 10 ping failures, restarting bot...
Sat Aug 16 23:52:54 UTC 2025: Bot restarted
Sun Aug 17 00:00:03 UTC 2025: Detected 7 ping failures, restarting bot...
Sun Aug 17 00:00:09 UTC 2025: Bot restarted
Sun Aug 17 00:08:19 UTC 2025: Detected 10 ping failures, restarting bot...
Sun Aug 17 00:08:20 UTC 2025: Bot restarted
Sun Aug 17 00:15:58 UTC 2025: Detected 10 ping failures, restarting bot...
Sun Aug 17 00:15:59 UTC 2025: Bot restarted
Sun Aug 17 00:23:39 UTC 2025: Detected 10 ping failures, restarting bot...
Sun Aug 17 00:23:40 UTC 2025: Bot restarted
Sun Aug 17 00:35:24 UTC 2025: Detected 10 ping failures, restarting bot...
Sun Aug 17 00:35:26 UTC 2025: Bot restarted
Sun Aug 17 00:43:34 UTC 2025: Detected 10 ping failures, restarting bot...
Sun Aug 17 00:43:35 UTC 2025: Bot restarted
Sun Aug 17 00:51:12 UTC 2025: Detected 10 ping failures, restarting bot...
Sun Aug 17 00:51:13 UTC 2025: Bot restarted
Sun Aug 17 00:59:51 UTC 2025: Detected 10 ping failures, restarting bot...
Sun Aug 17 00:59:52 UTC 2025: Bot restarted
Sun Aug 17 01:08:31 UTC 2025: Detected 10 ping failures, restarting bot...
Sun Aug 17 01:08:33 UTC 2025: Bot restarted
Sun Aug 17 01:20:48 UTC 2025: Detected 10 ping failures, restarting bot...
Sun Aug 17 01:20:48 UTC 2025: Bot restarted
Sun Aug 17 01:30:28 UTC 2025: Detected 10 ping failures, restarting bot...
Sun Aug 17 01:30:29 UTC 2025: Bot restarted
Sun Aug 17 01:42:12 UTC 2025: Detected 10 ping failures, restarting bot...
Sun Aug 17 01:42:13 UTC 2025: Bot restarted
Sun Aug 17 01:50:21 UTC 2025: Detected 10 ping failures, restarting bot...
Sun Aug 17 01:50:22 UTC 2025: Bot restarted
Sun Aug 17 01:58:30 UTC 2025: Detected 10 ping failures, restarting bot...
Sun Aug 17 01:58:30 UTC 2025: Bot restarted
Sun Aug 17 02:08:43 UTC 2025: Detected 10 ping failures, restarting bot...
Sun Aug 17 02:08:43 UTC 2025: Bot restarted
Sun Aug 17 02:17:22 UTC 2025: Detected 10 ping failures, restarting bot...
Sun Aug 17 02:17:23 UTC 2025: Bot restarted
Sun Aug 17 02:27:33 UTC 2025: Detected 10 ping failures, restarting bot...
Sun Aug 17 02:27:34 UTC 2025: Bot restarted
Sun Aug 17 02:34:41 UTC 2025: Detected 10 ping failures, restarting bot...
Sun Aug 17 02:34:43 UTC 2025: Bot restarted
Sun Aug 17 02:44:22 UTC 2025: Detected 10 ping failures, restarting bot...
Sun Aug 17 02:44:23 UTC 2025: Bot restarted
Sun Aug 17 02:54:03 UTC 2025: Detected 10 ping failures, restarting bot...
Sun Aug 17 02:54:03 UTC 2025: Bot restarted
Sun Aug 17 03:03:14 UTC 2025: Detected 10 ping failures, restarting bot...
Sun Aug 17 03:03:15 UTC 2025: Bot restarted
Sun Aug 17 03:10:21 UTC 2025: Detected 10 ping failures, restarting bot...
Sun Aug 17 03:10:22 UTC 2025: Bot restarted
Sun Aug 17 03:18:29 UTC 2025: Detected 10 ping failures, restarting bot...
Sun Aug 17 03:18:31 UTC 2025: Bot restarted
Sun Aug 17 03:25:39 UTC 2025: Detected 10 ping failures, restarting bot...
Sun Aug 17 03:25:39 UTC 2025: Bot restarted
Sun Aug 17 03:33:49 UTC 2025: Detected 10 ping failures, restarting bot...
Sun Aug 17 03:33:50 UTC 2025: Bot restarted
Sun Aug 17 03:41:59 UTC 2025: Detected 10 ping failures, restarting bot...
Sun Aug 17 03:42:00 UTC 2025: Bot restarted
Sun Aug 17 03:49:37 UTC 2025: Detected 10 ping failures, restarting bot...
Sun Aug 17 03:49:38 UTC 2025: Bot restarted
Sun Aug 17 03:59:49 UTC 2025: Detected 10 ping failures, restarting bot...
Sun Aug 17 03:59:50 UTC 2025: Bot restarted
Sun Aug 17 04:08:59 UTC 2025: Detected 10 ping failures, restarting bot...
Sun Aug 17 04:09:00 UTC 2025: Bot restarted
Sun Aug 17 04:16:07 UTC 2025: Detected 10 ping failures, restarting bot...
Sun Aug 17 04:16:10 UTC 2025: Bot restarted
Sun Aug 17 04:23:47 UTC 2025: Detected 10 ping failures, restarting bot...
Sun Aug 17 04:23:48 UTC 2025: Bot restarted
Sun Aug 17 04:33:28 UTC 2025: Detected 10 ping failures, restarting bot...
Sun Aug 17 04:33:29 UTC 2025: Bot restarted
Sun Aug 17 04:43:40 UTC 2025: Detected 10 ping failures, restarting bot...
Sun Aug 17 04:43:41 UTC 2025: Bot restarted
Sun Aug 17 04:51:49 UTC 2025: Detected 10 ping failures, restarting bot...
Sun Aug 17 04:51:50 UTC 2025: Bot restarted
Sun Aug 17 04:58:57 UTC 2025: Detected 10 ping failures, restarting bot...
Sun Aug 17 04:58:57 UTC 2025: Bot restarted
Sun Aug 17 05:14:45 UTC 2025: Detected 10 ping failures, restarting bot...
Sun Aug 17 05:14:45 UTC 2025: Bot restarted
Sun Aug 17 05:21:53 UTC 2025: Detected 10 ping failures, restarting bot...
Sun Aug 17 05:21:54 UTC 2025: Bot restarted
Sun Aug 17 05:29:32 UTC 2025: Detected 10 ping failures, restarting bot...
Sun Aug 17 05:29:33 UTC 2025: Bot restarted
Sun Aug 17 05:40:14 UTC 2025: Detected 10 ping failures, restarting bot...
Sun Aug 17 05:40:15 UTC 2025: Bot restarted
Sun Aug 17 05:48:23 UTC 2025: Detected 10 ping failures, restarting bot...
Sun Aug 17 05:48:24 UTC 2025: Bot restarted
Sun Aug 17 05:56:32 UTC 2025: Detected 10 ping failures, restarting bot...
Sun Aug 17 05:56:33 UTC 2025: Bot restarted
Sun Aug 17 06:07:45 UTC 2025: Detected 10 ping failures, restarting bot...
Sun Aug 17 06:07:46 UTC 2025: Bot restarted
Sun Aug 17 06:19:59 UTC 2025: Detected 10 ping failures, restarting bot...
Sun Aug 17 06:20:00 UTC 2025: Bot restarted
Sun Aug 17 06:28:41 UTC 2025: Detected 10 ping failures, restarting bot...
Sun Aug 17 06:28:44 UTC 2025: Bot restarted
Sun Aug 17 06:37:23 UTC 2025: Detected 10 ping failures, restarting bot...
Sun Aug 17 06:37:24 UTC 2025: Bot restarted
Sun Aug 17 06:46:02 UTC 2025: Detected 10 ping failures, restarting bot...
Sun Aug 17 06:46:03 UTC 2025: Bot restarted
Sun Aug 17 06:54:13 UTC 2025: Detected 10 ping failures, restarting bot...
Sun Aug 17 06:54:15 UTC 2025: Bot restarted
Sun Aug 17 07:03:55 UTC 2025: Detected 10 ping failures, restarting bot...
Sun Aug 17 07:03:57 UTC 2025: Bot restarted
Sun Aug 17 07:14:39 UTC 2025: Detected 10 ping failures, restarting bot...
Sun Aug 17 07:14:39 UTC 2025: Bot restarted
Sun Aug 17 07:26:53 UTC 2025: Detected 10 ping failures, restarting bot...
Sun Aug 17 07:26:54 UTC 2025: Bot restarted
Sun Aug 17 07:38:07 UTC 2025: Detected 10 ping failures, restarting bot...
Sun Aug 17 07:38:08 UTC 2025: Bot restarted
Sun Aug 17 07:45:14 UTC 2025: Detected 10 ping failures, restarting bot...
Sun Aug 17 07:45:15 UTC 2025: Bot restarted
Sun Aug 17 08:05:07 UTC 2025: Detected 10 ping failures, restarting bot...
Sun Aug 17 08:05:09 UTC 2025: Bot restarted
Tue Aug 19 09:57:20 UTC 2025: Detected 10 ping failures, restarting bot...
Tue Aug 19 09:57:21 UTC 2025: Bot restarted
Tue Aug 19 10:04:58 UTC 2025: Detected 10 ping failures, restarting bot...
Tue Aug 19 10:04:59 UTC 2025: Bot restarted
Tue Aug 19 10:13:09 UTC 2025: Detected 10 ping failures, restarting bot...
Tue Aug 19 10:13:10 UTC 2025: Bot restarted
Tue Aug 19 10:24:54 UTC 2025: Detected 10 ping failures, restarting bot...
Tue Aug 19 10:24:55 UTC 2025: Bot restarted
Tue Aug 19 10:33:04 UTC 2025: Detected 10 ping failures, restarting bot...
Tue Aug 19 10:33:05 UTC 2025: Bot restarted
Tue Aug 19 10:40:43 UTC 2025: Detected 10 ping failures, restarting bot...
Tue Aug 19 10:40:44 UTC 2025: Bot restarted
Tue Aug 19 10:49:23 UTC 2025: Detected 10 ping failures, restarting bot...
Tue Aug 19 10:49:24 UTC 2025: Bot restarted
Tue Aug 19 10:57:33 UTC 2025: Detected 10 ping failures, restarting bot...
Tue Aug 19 10:57:34 UTC 2025: Bot restarted
Tue Aug 19 11:05:13 UTC 2025: Detected 10 ping failures, restarting bot...
Tue Aug 19 11:05:14 UTC 2025: Bot restarted
Tue Aug 19 11:13:24 UTC 2025: Detected 10 ping failures, restarting bot...
Tue Aug 19 11:13:26 UTC 2025: Bot restarted
Tue Aug 19 11:20:34 UTC 2025: Detected 10 ping failures, restarting bot...
Tue Aug 19 11:20:35 UTC 2025: Bot restarted
Tue Aug 19 11:28:13 UTC 2025: Detected 10 ping failures, restarting bot...
Tue Aug 19 11:28:14 UTC 2025: Bot restarted
Tue Aug 19 11:39:57 UTC 2025: Detected 10 ping failures, restarting bot...
Tue Aug 19 11:40:00 UTC 2025: Bot restarted
Tue Aug 19 11:47:40 UTC 2025: Detected 10 ping failures, restarting bot...
Tue Aug 19 11:47:40 UTC 2025: Bot restarted
Tue Aug 19 11:55:19 UTC 2025: Detected 10 ping failures, restarting bot...
Tue Aug 19 11:55:20 UTC 2025: Bot restarted
Tue Aug 19 12:07:34 UTC 2025: Detected 10 ping failures, restarting bot...
Tue Aug 19 12:07:35 UTC 2025: Bot restarted
Tue Aug 19 12:14:43 UTC 2025: Detected 10 ping failures, restarting bot...
Tue Aug 19 12:14:44 UTC 2025: Bot restarted
Tue Aug 19 12:21:21 UTC 2025: Detected 10 ping failures, restarting bot...
Tue Aug 19 12:21:22 UTC 2025: Bot restarted
Tue Aug 19 12:29:00 UTC 2025: Detected 10 ping failures, restarting bot...
Tue Aug 19 12:29:01 UTC 2025: Bot restarted
Tue Aug 19 12:39:44 UTC 2025: Detected 10 ping failures, restarting bot...
Tue Aug 19 12:39:45 UTC 2025: Bot restarted
Tue Aug 19 12:49:56 UTC 2025: Detected 10 ping failures, restarting bot...
Tue Aug 19 12:49:59 UTC 2025: Bot restarted
Tue Aug 19 12:57:07 UTC 2025: Detected 10 ping failures, restarting bot...
Tue Aug 19 12:57:08 UTC 2025: Bot restarted
Tue Aug 19 13:04:47 UTC 2025: Detected 10 ping failures, restarting bot...
Tue Aug 19 13:04:48 UTC 2025: Bot restarted
Tue Aug 19 13:16:01 UTC 2025: Detected 10 ping failures, restarting bot...
Tue Aug 19 13:16:02 UTC 2025: Bot restarted
Tue Aug 19 13:23:09 UTC 2025: Detected 10 ping failures, restarting bot...
Tue Aug 19 13:23:10 UTC 2025: Bot restarted
Tue Aug 19 13:34:24 UTC 2025: Detected 10 ping failures, restarting bot...
Tue Aug 19 13:34:25 UTC 2025: Bot restarted
Tue Aug 19 13:42:03 UTC 2025: Detected 10 ping failures, restarting bot...
Tue Aug 19 13:42:04 UTC 2025: Bot restarted
Tue Aug 19 13:53:47 UTC 2025: Detected 10 ping failures, restarting bot...
Tue Aug 19 13:53:48 UTC 2025: Bot restarted
Tue Aug 19 14:01:26 UTC 2025: Detected 10 ping failures, restarting bot...
Tue Aug 19 14:01:28 UTC 2025: Bot restarted
Tue Aug 19 14:09:09 UTC 2025: Detected 10 ping failures, restarting bot...
Tue Aug 19 14:09:10 UTC 2025: Bot restarted
Tue Aug 19 14:16:48 UTC 2025: Detected 10 ping failures, restarting bot...
Tue Aug 19 14:16:49 UTC 2025: Bot restarted
Tue Aug 19 14:23:56 UTC 2025: Detected 10 ping failures, restarting bot...
Tue Aug 19 14:23:57 UTC 2025: Bot restarted
Tue Aug 19 14:35:39 UTC 2025: Detected 10 ping failures, restarting bot...
Tue Aug 19 14:35:40 UTC 2025: Bot restarted
Tue Aug 19 14:44:19 UTC 2025: Detected 10 ping failures, restarting bot...
Tue Aug 19 14:44:20 UTC 2025: Bot restarted
Tue Aug 19 14:54:00 UTC 2025: Detected 10 ping failures, restarting bot...
Tue Aug 19 14:54:00 UTC 2025: Bot restarted
Tue Aug 19 15:05:45 UTC 2025: Detected 10 ping failures, restarting bot...
Tue Aug 19 15:05:46 UTC 2025: Bot restarted
Tue Aug 19 15:12:22 UTC 2025: Detected 10 ping failures, restarting bot...
Tue Aug 19 15:12:23 UTC 2025: Bot restarted
Tue Aug 19 15:20:00 UTC 2025: Detected 10 ping failures, restarting bot...
Tue Aug 19 15:20:03 UTC 2025: Bot restarted
Tue Aug 19 15:26:40 UTC 2025: Detected 10 ping failures, restarting bot...
Tue Aug 19 15:26:41 UTC 2025: Bot restarted
Tue Aug 19 15:35:20 UTC 2025: Detected 10 ping failures, restarting bot...
Tue Aug 19 15:35:21 UTC 2025: Bot restarted
Tue Aug 19 15:42:59 UTC 2025: Detected 10 ping failures, restarting bot...
Tue Aug 19 15:43:00 UTC 2025: Bot restarted
Tue Aug 19 15:51:09 UTC 2025: Detected 10 ping failures, restarting bot...
Tue Aug 19 15:51:10 UTC 2025: Bot restarted
Tue Aug 19 15:58:48 UTC 2025: Detected 10 ping failures, restarting bot...
Tue Aug 19 15:58:51 UTC 2025: Bot restarted
Tue Aug 19 16:06:30 UTC 2025: Detected 10 ping failures, restarting bot...
Tue Aug 19 16:06:31 UTC 2025: Bot restarted
Tue Aug 19 16:14:09 UTC 2025: Detected 10 ping failures, restarting bot...
Tue Aug 19 16:14:09 UTC 2025: Bot restarted
Tue Aug 19 16:25:21 UTC 2025: Detected 10 ping failures, restarting bot...
Tue Aug 19 16:25:22 UTC 2025: Bot restarted
Tue Aug 19 16:32:29 UTC 2025: Detected 10 ping failures, restarting bot...
Tue Aug 19 16:32:30 UTC 2025: Bot restarted
Tue Aug 19 16:40:08 UTC 2025: Detected 10 ping failures, restarting bot...
Tue Aug 19 16:40:10 UTC 2025: Bot restarted
Tue Aug 19 16:47:17 UTC 2025: Detected 10 ping failures, restarting bot...
Tue Aug 19 16:47:18 UTC 2025: Bot restarted
Tue Aug 19 16:54:55 UTC 2025: Detected 10 ping failures, restarting bot...
Tue Aug 19 16:54:56 UTC 2025: Bot restarted
Tue Aug 19 17:02:04 UTC 2025: Detected 10 ping failures, restarting bot...
Tue Aug 19 17:02:07 UTC 2025: Bot restarted
Tue Aug 19 17:09:45 UTC 2025: Detected 10 ping failures, restarting bot...
Tue Aug 19 17:09:46 UTC 2025: Bot restarted
Tue Aug 19 17:16:22 UTC 2025: Detected 10 ping failures, restarting bot...
Tue Aug 19 17:16:22 UTC 2025: Bot restarted
Tue Aug 19 17:24:01 UTC 2025: Detected 10 ping failures, restarting bot...
Tue Aug 19 17:24:02 UTC 2025: Bot restarted
Tue Aug 19 17:31:09 UTC 2025: Detected 10 ping failures, restarting bot...
Tue Aug 19 17:31:10 UTC 2025: Bot restarted
Tue Aug 19 17:39:49 UTC 2025: Detected 10 ping failures, restarting bot...
Tue Aug 19 17:39:50 UTC 2025: Bot restarted
Tue Aug 19 17:47:26 UTC 2025: Detected 10 ping failures, restarting bot...
Tue Aug 19 17:47:27 UTC 2025: Bot restarted
Tue Aug 19 17:53:34 UTC 2025: Detected 10 ping failures, restarting bot...
Tue Aug 19 17:53:35 UTC 2025: Bot restarted
Tue Aug 19 18:00:43 UTC 2025: Detected 10 ping failures, restarting bot...
Tue Aug 19 18:00:44 UTC 2025: Bot restarted
Tue Aug 19 18:11:57 UTC 2025: Detected 10 ping failures, restarting bot...
Tue Aug 19 18:11:57 UTC 2025: Bot restarted
Tue Aug 19 18:19:05 UTC 2025: Detected 10 ping failures, restarting bot...
Tue Aug 19 18:19:07 UTC 2025: Bot restarted
Tue Aug 19 18:27:16 UTC 2025: Detected 10 ping failures, restarting bot...
Tue Aug 19 18:27:17 UTC 2025: Bot restarted
Tue Aug 19 18:35:56 UTC 2025: Detected 10 ping failures, restarting bot...
Tue Aug 19 18:35:57 UTC 2025: Bot restarted
Tue Aug 19 18:44:07 UTC 2025: Detected 10 ping failures, restarting bot...
Tue Aug 19 18:44:09 UTC 2025: Bot restarted
Tue Aug 19 18:51:16 UTC 2025: Detected 10 ping failures, restarting bot...
Tue Aug 19 18:51:17 UTC 2025: Bot restarted
Tue Aug 19 18:59:26 UTC 2025: Detected 10 ping failures, restarting bot...
Tue Aug 19 18:59:28 UTC 2025: Bot restarted
Tue Aug 19 19:07:07 UTC 2025: Detected 10 ping failures, restarting bot...
Tue Aug 19 19:07:08 UTC 2025: Bot restarted
Tue Aug 19 19:14:15 UTC 2025: Detected 10 ping failures, restarting bot...
Tue Aug 19 19:14:15 UTC 2025: Bot restarted
Tue Aug 19 19:24:57 UTC 2025: Detected 10 ping failures, restarting bot...
Tue Aug 19 19:24:59 UTC 2025: Bot restarted
Tue Aug 19 19:33:39 UTC 2025: Detected 10 ping failures, restarting bot...
Tue Aug 19 19:33:40 UTC 2025: Bot restarted
Tue Aug 19 19:44:22 UTC 2025: Detected 10 ping failures, restarting bot...
Tue Aug 19 19:44:23 UTC 2025: Bot restarted
Tue Aug 19 19:51:30 UTC 2025: Detected 10 ping failures, restarting bot...
Tue Aug 19 19:51:32 UTC 2025: Bot restarted
Tue Aug 19 19:58:39 UTC 2025: Detected 10 ping failures, restarting bot...
Tue Aug 19 19:58:40 UTC 2025: Bot restarted
Tue Aug 19 20:06:49 UTC 2025: Detected 10 ping failures, restarting bot...
Tue Aug 19 20:06:50 UTC 2025: Bot restarted
Tue Aug 19 20:14:57 UTC 2025: Detected 10 ping failures, restarting bot...
Tue Aug 19 20:14:58 UTC 2025: Bot restarted
Tue Aug 19 20:22:36 UTC 2025: Detected 10 ping failures, restarting bot...
Tue Aug 19 20:22:37 UTC 2025: Bot restarted
Tue Aug 19 20:30:15 UTC 2025: Detected 10 ping failures, restarting bot...
Tue Aug 19 20:30:16 UTC 2025: Bot restarted
Tue Aug 19 20:37:23 UTC 2025: Detected 10 ping failures, restarting bot...
Tue Aug 19 20:37:26 UTC 2025: Bot restarted
Tue Aug 19 20:44:02 UTC 2025: Detected 10 ping failures, restarting bot...
Tue Aug 19 20:44:03 UTC 2025: Bot restarted
Tue Aug 19 20:55:15 UTC 2025: Detected 10 ping failures, restarting bot...
Tue Aug 19 20:55:16 UTC 2025: Bot restarted
Tue Aug 19 21:02:23 UTC 2025: Detected 10 ping failures, restarting bot...
Tue Aug 19 21:02:24 UTC 2025: Bot restarted
Tue Aug 19 21:09:32 UTC 2025: Detected 10 ping failures, restarting bot...
Tue Aug 19 21:09:33 UTC 2025: Bot restarted
Tue Aug 19 21:18:12 UTC 2025: Detected 9 ping failures, restarting bot...
Tue Aug 19 21:18:13 UTC 2025: Bot restarted
Tue Aug 19 21:26:51 UTC 2025: Detected 10 ping failures, restarting bot...
Tue Aug 19 21:26:52 UTC 2025: Bot restarted
Tue Aug 19 21:36:01 UTC 2025: Detected 10 ping failures, restarting bot...
Tue Aug 19 21:36:02 UTC 2025: Bot restarted
Tue Aug 19 21:43:09 UTC 2025: Detected 10 ping failures, restarting bot...
Tue Aug 19 21:43:10 UTC 2025: Bot restarted
Tue Aug 19 21:53:51 UTC 2025: Detected 10 ping failures, restarting bot...
Tue Aug 19 21:53:51 UTC 2025: Bot restarted
Tue Aug 19 22:00:58 UTC 2025: Detected 10 ping failures, restarting bot...
Tue Aug 19 22:00:59 UTC 2025: Bot restarted
Tue Aug 19 22:08:37 UTC 2025: Detected 10 ping failures, restarting bot...
Tue Aug 19 22:08:38 UTC 2025: Bot restarted
Tue Aug 19 22:16:15 UTC 2025: Detected 10 ping failures, restarting bot...
Tue Aug 19 22:16:16 UTC 2025: Bot restarted
Tue Aug 19 22:23:53 UTC 2025: Detected 10 ping failures, restarting bot...
Tue Aug 19 22:23:54 UTC 2025: Bot restarted
Tue Aug 19 22:32:33 UTC 2025: Detected 10 ping failures, restarting bot...
Tue Aug 19 22:32:33 UTC 2025: Bot restarted
Tue Aug 19 22:41:12 UTC 2025: Detected 10 ping failures, restarting bot...
Tue Aug 19 22:41:12 UTC 2025: Bot restarted
Tue Aug 19 22:51:53 UTC 2025: Detected 10 ping failures, restarting bot...
Tue Aug 19 22:51:54 UTC 2025: Bot restarted
Tue Aug 19 22:59:00 UTC 2025: Detected 10 ping failures, restarting bot...
Tue Aug 19 22:59:01 UTC 2025: Bot restarted
Tue Aug 19 23:06:08 UTC 2025: Detected 10 ping failures, restarting bot...
Tue Aug 19 23:06:09 UTC 2025: Bot restarted
Tue Aug 19 23:13:46 UTC 2025: Detected 10 ping failures, restarting bot...
Tue Aug 19 23:13:46 UTC 2025: Bot restarted
Tue Aug 19 23:21:54 UTC 2025: Detected 10 ping failures, restarting bot...
Tue Aug 19 23:21:55 UTC 2025: Bot restarted
Tue Aug 19 23:30:05 UTC 2025: Detected 10 ping failures, restarting bot...
Tue Aug 19 23:30:06 UTC 2025: Bot restarted
Tue Aug 19 23:38:13 UTC 2025: Detected 10 ping failures, restarting bot...
Tue Aug 19 23:38:16 UTC 2025: Bot restarted
Tue Aug 19 23:47:24 UTC 2025: Detected 10 ping failures, restarting bot...
Tue Aug 19 23:47:25 UTC 2025: Bot restarted
Tue Aug 19 23:55:02 UTC 2025: Detected 10 ping failures, restarting bot...
Tue Aug 19 23:55:04 UTC 2025: Bot restarted
Wed Aug 20 00:04:46 UTC 2025: Detected 10 ping failures, restarting bot...
Wed Aug 20 00:04:47 UTC 2025: Bot restarted
Wed Aug 20 00:13:25 UTC 2025: Detected 10 ping failures, restarting bot...
Wed Aug 20 00:13:27 UTC 2025: Bot restarted
Wed Aug 20 00:21:35 UTC 2025: Detected 10 ping failures, restarting bot...
Wed Aug 20 00:21:36 UTC 2025: Bot restarted
Wed Aug 20 00:30:15 UTC 2025: Detected 10 ping failures, restarting bot...
Wed Aug 20 00:30:16 UTC 2025: Bot restarted
Wed Aug 20 00:38:23 UTC 2025: Detected 10 ping failures, restarting bot...
Wed Aug 20 00:38:24 UTC 2025: Bot restarted
Wed Aug 20 00:48:03 UTC 2025: Detected 10 ping failures, restarting bot...
Wed Aug 20 00:48:04 UTC 2025: Bot restarted
Wed Aug 20 00:57:12 UTC 2025: Detected 10 ping failures, restarting bot...
Wed Aug 20 00:57:13 UTC 2025: Bot restarted
Wed Aug 20 01:05:21 UTC 2025: Detected 10 ping failures, restarting bot...
Wed Aug 20 01:05:21 UTC 2025: Bot restarted
Wed Aug 20 01:15:00 UTC 2025: Detected 10 ping failures, restarting bot...
Wed Aug 20 01:15:03 UTC 2025: Bot restarted
Wed Aug 20 01:24:12 UTC 2025: Detected 10 ping failures, restarting bot...
Wed Aug 20 01:24:13 UTC 2025: Bot restarted
Wed Aug 20 01:31:20 UTC 2025: Detected 10 ping failures, restarting bot...
Wed Aug 20 01:31:20 UTC 2025: Bot restarted
Wed Aug 20 01:38:27 UTC 2025: Detected 10 ping failures, restarting bot...
Wed Aug 20 01:38:28 UTC 2025: Bot restarted
Wed Aug 20 01:50:11 UTC 2025: Detected 10 ping failures, restarting bot...
Wed Aug 20 01:50:14 UTC 2025: Bot restarted
Wed Aug 20 01:58:22 UTC 2025: Detected 10 ping failures, restarting bot...
Wed Aug 20 01:58:23 UTC 2025: Bot restarted
Wed Aug 20 02:06:01 UTC 2025: Detected 10 ping failures, restarting bot...
Wed Aug 20 02:06:02 UTC 2025: Bot restarted
Wed Aug 20 02:14:09 UTC 2025: Detected 10 ping failures, restarting bot...
Wed Aug 20 02:14:10 UTC 2025: Bot restarted
Wed Aug 20 02:20:45 UTC 2025: Detected 10 ping failures, restarting bot...
Wed Aug 20 02:20:46 UTC 2025: Bot restarted
Wed Aug 20 02:29:23 UTC 2025: Detected 10 ping failures, restarting bot...
Wed Aug 20 02:29:24 UTC 2025: Bot restarted
Wed Aug 20 02:38:33 UTC 2025: Detected 10 ping failures, restarting bot...
Wed Aug 20 02:38:34 UTC 2025: Bot restarted
Wed Aug 20 02:46:44 UTC 2025: Detected 10 ping failures, restarting bot...
Wed Aug 20 02:46:46 UTC 2025: Bot restarted
Wed Aug 20 02:54:23 UTC 2025: Detected 10 ping failures, restarting bot...
Wed Aug 20 02:54:26 UTC 2025: Bot restarted
Wed Aug 20 03:02:04 UTC 2025: Detected 10 ping failures, restarting bot...
Wed Aug 20 03:02:05 UTC 2025: Bot restarted
Wed Aug 20 03:10:43 UTC 2025: Detected 10 ping failures, restarting bot...
Wed Aug 20 03:10:44 UTC 2025: Bot restarted
Wed Aug 20 03:21:54 UTC 2025: Detected 10 ping failures, restarting bot...
Wed Aug 20 03:21:55 UTC 2025: Bot restarted
Wed Aug 20 03:33:38 UTC 2025: Detected 10 ping failures, restarting bot...
Wed Aug 20 03:33:38 UTC 2025: Bot restarted
Wed Aug 20 03:42:17 UTC 2025: Detected 10 ping failures, restarting bot...
Wed Aug 20 03:42:18 UTC 2025: Bot restarted
Wed Aug 20 03:50:56 UTC 2025: Detected 10 ping failures, restarting bot...
Wed Aug 20 03:50:57 UTC 2025: Bot restarted
Wed Aug 20 04:02:09 UTC 2025: Detected 10 ping failures, restarting bot...
Wed Aug 20 04:02:10 UTC 2025: Bot restarted
Wed Aug 20 04:10:18 UTC 2025: Detected 10 ping failures, restarting bot...
Wed Aug 20 04:10:19 UTC 2025: Bot restarted
Wed Aug 20 04:17:57 UTC 2025: Detected 10 ping failures, restarting bot...
Wed Aug 20 04:17:58 UTC 2025: Bot restarted
Wed Aug 20 04:25:36 UTC 2025: Detected 10 ping failures, restarting bot...
Wed Aug 20 04:25:38 UTC 2025: Bot restarted
Wed Aug 20 04:36:19 UTC 2025: Detected 10 ping failures, restarting bot...
Wed Aug 20 04:36:19 UTC 2025: Bot restarted
Wed Aug 20 04:47:31 UTC 2025: Detected 10 ping failures, restarting bot...
Wed Aug 20 04:47:32 UTC 2025: Bot restarted
Wed Aug 20 04:55:41 UTC 2025: Detected 10 ping failures, restarting bot...
Wed Aug 20 04:55:43 UTC 2025: Bot restarted
Wed Aug 20 05:04:23 UTC 2025: Detected 10 ping failures, restarting bot...
Wed Aug 20 05:04:24 UTC 2025: Bot restarted
Wed Aug 20 05:13:33 UTC 2025: Detected 10 ping failures, restarting bot...
Wed Aug 20 05:13:34 UTC 2025: Bot restarted
Wed Aug 20 05:21:42 UTC 2025: Detected 10 ping failures, restarting bot...
Wed Aug 20 05:21:43 UTC 2025: Bot restarted
Wed Aug 20 05:30:23 UTC 2025: Detected 10 ping failures, restarting bot...
Wed Aug 20 05:30:24 UTC 2025: Bot restarted
Wed Aug 20 05:38:03 UTC 2025: Detected 10 ping failures, restarting bot...
Wed Aug 20 05:38:03 UTC 2025: Bot restarted
Wed Aug 20 05:45:42 UTC 2025: Detected 10 ping failures, restarting bot...
Wed Aug 20 05:45:43 UTC 2025: Bot restarted
Wed Aug 20 05:53:51 UTC 2025: Detected 10 ping failures, restarting bot...
Wed Aug 20 05:53:51 UTC 2025: Bot restarted
Wed Aug 20 06:01:28 UTC 2025: Detected 10 ping failures, restarting bot...
Wed Aug 20 06:01:28 UTC 2025: Bot restarted
Wed Aug 20 06:09:38 UTC 2025: Detected 10 ping failures, restarting bot...
Wed Aug 20 06:09:39 UTC 2025: Bot restarted
Wed Aug 20 06:18:49 UTC 2025: Detected 10 ping failures, restarting bot...
Wed Aug 20 06:18:50 UTC 2025: Bot restarted
Wed Aug 20 06:30:03 UTC 2025: Detected 10 ping failures, restarting bot...
Wed Aug 20 06:30:04 UTC 2025: Bot restarted
Wed Aug 20 06:41:46 UTC 2025: Detected 10 ping failures, restarting bot...
Wed Aug 20 06:41:47 UTC 2025: Bot restarted
Wed Aug 20 06:49:25 UTC 2025: Detected 10 ping failures, restarting bot...
Wed Aug 20 06:49:27 UTC 2025: Bot restarted
Wed Aug 20 06:57:36 UTC 2025: Detected 10 ping failures, restarting bot...
Wed Aug 20 06:57:37 UTC 2025: Bot restarted
Wed Aug 20 07:05:47 UTC 2025: Detected 10 ping failures, restarting bot...
Wed Aug 20 07:05:49 UTC 2025: Bot restarted
Wed Aug 20 07:13:26 UTC 2025: Detected 10 ping failures, restarting bot...
Wed Aug 20 07:13:27 UTC 2025: Bot restarted
Wed Aug 20 07:21:06 UTC 2025: Detected 10 ping failures, restarting bot...
Wed Aug 20 07:21:07 UTC 2025: Bot restarted
Wed Aug 20 07:28:15 UTC 2025: Detected 10 ping failures, restarting bot...
Wed Aug 20 07:28:15 UTC 2025: Bot restarted
Wed Aug 20 07:36:55 UTC 2025: Detected 10 ping failures, restarting bot...
Wed Aug 20 07:36:57 UTC 2025: Bot restarted
Wed Aug 20 07:44:04 UTC 2025: Detected 10 ping failures, restarting bot...
Wed Aug 20 07:44:05 UTC 2025: Bot restarted
Wed Aug 20 07:51:11 UTC 2025: Detected 10 ping failures, restarting bot...
Wed Aug 20 07:51:12 UTC 2025: Bot restarted
Wed Aug 20 07:59:51 UTC 2025: Detected 10 ping failures, restarting bot...
Wed Aug 20 07:59:52 UTC 2025: Bot restarted
Wed Aug 20 08:12:07 UTC 2025: Detected 10 ping failures, restarting bot...
Wed Aug 20 08:12:10 UTC 2025: Bot restarted
Wed Aug 20 08:19:47 UTC 2025: Detected 10 ping failures, restarting bot...
Wed Aug 20 08:19:48 UTC 2025: Bot restarted
Wed Aug 20 08:27:56 UTC 2025: Detected 10 ping failures, restarting bot...
Wed Aug 20 08:27:57 UTC 2025: Bot restarted
Wed Aug 20 08:37:08 UTC 2025: Detected 10 ping failures, restarting bot...
Wed Aug 20 08:37:09 UTC 2025: Bot restarted
Wed Aug 20 08:45:19 UTC 2025: Detected 10 ping failures, restarting bot...
Wed Aug 20 08:45:20 UTC 2025: Bot restarted
Wed Aug 20 08:52:57 UTC 2025: Detected 10 ping failures, restarting bot...
Wed Aug 20 08:52:58 UTC 2025: Bot restarted
Wed Aug 20 09:00:06 UTC 2025: Detected 10 ping failures, restarting bot...
Wed Aug 20 09:00:08 UTC 2025: Bot restarted
Wed Aug 20 09:08:17 UTC 2025: Detected 10 ping failures, restarting bot...
Wed Aug 20 09:08:17 UTC 2025: Bot restarted
Wed Aug 20 09:15:56 UTC 2025: Detected 10 ping failures, restarting bot...
Wed Aug 20 09:15:57 UTC 2025: Bot restarted
Wed Aug 20 09:22:35 UTC 2025: Detected 10 ping failures, restarting bot...
Wed Aug 20 09:22:36 UTC 2025: Bot restarted
Wed Aug 20 09:29:13 UTC 2025: Detected 10 ping failures, restarting bot...
Wed Aug 20 09:29:14 UTC 2025: Bot restarted
Wed Aug 20 09:37:23 UTC 2025: Detected 10 ping failures, restarting bot...
Wed Aug 20 09:37:24 UTC 2025: Bot restarted
Wed Aug 20 09:50:09 UTC 2025: Detected 10 ping failures, restarting bot...
Wed Aug 20 09:50:10 UTC 2025: Bot restarted
Wed Aug 20 09:58:19 UTC 2025: Detected 10 ping failures, restarting bot...
Wed Aug 20 09:58:22 UTC 2025: Bot restarted
Wed Aug 20 10:07:32 UTC 2025: Detected 10 ping failures, restarting bot...
Wed Aug 20 10:07:33 UTC 2025: Bot restarted
Wed Aug 20 10:18:46 UTC 2025: Detected 10 ping failures, restarting bot...
Wed Aug 20 10:18:48 UTC 2025: Bot restarted
Wed Aug 20 10:25:56 UTC 2025: Detected 10 ping failures, restarting bot...
Wed Aug 20 10:25:57 UTC 2025: Bot restarted
Wed Aug 20 10:33:04 UTC 2025: Detected 10 ping failures, restarting bot...
Wed Aug 20 10:33:05 UTC 2025: Bot restarted
Wed Aug 20 10:40:13 UTC 2025: Detected 10 ping failures, restarting bot...
Wed Aug 20 10:40:14 UTC 2025: Bot restarted
Wed Aug 20 10:47:51 UTC 2025: Detected 10 ping failures, restarting bot...
Wed Aug 20 10:47:52 UTC 2025: Bot restarted
Wed Aug 20 10:58:34 UTC 2025: Detected 10 ping failures, restarting bot...
Wed Aug 20 10:58:35 UTC 2025: Bot restarted
Wed Aug 20 11:07:47 UTC 2025: Detected 10 ping failures, restarting bot...
Wed Aug 20 11:07:48 UTC 2025: Bot restarted
Wed Aug 20 11:15:26 UTC 2025: Detected 10 ping failures, restarting bot...
Wed Aug 20 11:15:28 UTC 2025: Bot restarted
Wed Aug 20 11:22:36 UTC 2025: Detected 10 ping failures, restarting bot...
Wed Aug 20 11:22:37 UTC 2025: Bot restarted
Wed Aug 20 11:30:46 UTC 2025: Detected 10 ping failures, restarting bot...
Wed Aug 20 11:30:47 UTC 2025: Bot restarted
Wed Aug 20 11:37:23 UTC 2025: Detected 10 ping failures, restarting bot...
Wed Aug 20 11:37:24 UTC 2025: Bot restarted
Wed Aug 20 11:44:32 UTC 2025: Detected 10 ping failures, restarting bot...
Wed Aug 20 11:44:33 UTC 2025: Bot restarted
Wed Aug 20 11:52:11 UTC 2025: Detected 10 ping failures, restarting bot...
Wed Aug 20 11:52:12 UTC 2025: Bot restarted
Wed Aug 20 12:04:24 UTC 2025: Detected 10 ping failures, restarting bot...
Wed Aug 20 12:04:25 UTC 2025: Bot restarted
Wed Aug 20 12:12:04 UTC 2025: Detected 10 ping failures, restarting bot...
Wed Aug 20 12:12:05 UTC 2025: Bot restarted
Wed Aug 20 12:24:18 UTC 2025: Detected 10 ping failures, restarting bot...
Wed Aug 20 12:24:19 UTC 2025: Bot restarted
